A,B,C,D,E,Target
1.4009240162498378,-0.4470297963769747,-1.8339375610258943,-0.5236796960396508,1.8837964379073668,1
-1.3956744818032982,-3.41256231152129,0.8671054420975384,3.24645215158124,1.187212362890962,2
-1.105779768021209,1.0094428665908293,1.6811166280667438,0.5797196596863055,-0.17166622658780373,1
-1.2986864499603106,-0.4249170541848457,-0.23731566269210114,1.8877048994458976,0.6640177267110223,0
2.349634555855948,0.6495633843913972,-0.8634337408334372,1.035712618173229,2.150791537185766,1
2.3175535355509336,-0.8941130531806036,-1.374797520093696,-2.655311607121709,0.6592795172369009,0
-1.0318351979035658,-3.2734356271505245,1.194013457181149,2.235733721571192,1.4387867572326258,2
0.09577061356782535,-0.2709215133050473,-0.11080695144267771,-1.7567063262256943,1.6440610101967699,4
-1.1432836106715438,-1.5031818503772834,1.7505887210742943,1.158688962250725,-0.347622683522678,3
-0.8113276907664324,0.713505606355794,-0.453892653929727,-0.5209315470975805,0.7087024911369749,3
-1.8539482520756754,-1.1857921059789975,0.0975480179660384,-1.7239161191078471,1.1761840521969886,2
-1.058984846915981,0.7983719656353996,-2.880603583772963,0.08670207078486136,-0.65426839334804,4
-1.0442352896354996,0.40445311663322725,-0.6341692008208969,0.15510944039377417,1.7062086475391398,1
-0.19361406172346762,0.8926936350364488,0.5578302688590266,1.4770654246243917,0.8040694161440183,0
-2.4249304050796754,-0.06961889250060116,-1.2267470970551728,0.7585090648011057,-0.7521318211337649,4
-1.3008581015797032,-3.170578682382488,1.3151854024605059,1.795854555578777,1.82827527798505,2
2.7764791348350375,-1.2556412435858069,-1.7965814020004207,1.1405013098386363,1.6153972883692806,1
-3.361039037690338,0.3759682410226015,-0.9175574653473468,3.100764805057344,2.275697786256587,0
-0.6663000768779768,-1.4182450787075795,-1.1182437416643014,-0.736593029012234,-1.1559613646059248,4
-0.24098696309934298,-4.2138793918257065,-0.4180102626348352,-1.2766082090839275,-0.7039735721982934,3
0.6073774194304853,1.996995149887042,-1.5862829662720386,-0.33463989098207825,2.0367476642643325,3
-1.0521620183023919,-1.8975376153802088,0.08799821547224074,-1.3972575542874295,0.14524063241566965,4
-0.1580210517904247,0.3722109372703777,0.10618321381209306,-0.5801095255334083,1.9362013113018088,3
-1.4180071330554642,0.6815178699341004,0.9131815379584405,0.8690639843535624,1.259747633026364,0
1.758630262015771,1.3805974146673248,-1.9335504774923564,0.6466421556749827,1.6580180820023696,1
-0.9060044790452042,1.3078476848162977,-2.1546014700913183,-1.2773975837867069,-0.8786726106319983,4
-0.7684143830637583,-0.908206874617139,1.133961467826651,-1.570269337754542,1.1899606956987867,2
-0.3191435076306942,3.34465614855123,0.6515729157045478,-0.17397318676493811,3.4644114489849693,0
1.4276083019790153,0.9841459647352622,-1.690245561863788,-0.13746819789963416,1.3591645817302271,1
-2.0591541337926373,-0.772999474389728,0.3217518582904707,3.0482882901300195,-1.551282593726473,3
-1.6017991270522922,1.0492252074135262,-2.0694526901411128,-2.80540634024811,1.0732654040170515,3
-0.5589634213455243,1.8899254862275128,3.1181494102882312,-2.361215263038937,1.6029827725614056,4
1.1960388372677697,0.29220183570521896,-1.0621597381333405,-0.5616816651465657,3.218817325939812,1
-0.21852350814399335,-0.7722088668455687,1.0647617063958517,-0.44849508847904107,-0.774720462124181,2
-0.47408969666649403,-1.2592243072031666,1.8726367565230262,-0.6787099575327354,0.515482250596929,2
-0.22909949442334865,1.2964981741412536,1.1392741697508724,0.9918120036536009,2.224087378222479,0
-1.1123400766230493,-0.2650886795150582,1.546631920416746,0.491368973643846,1.801365438641089,2
-0.23010844494243354,-1.4912771246150889,1.5286314738775215,-1.0966323349668905,-1.4199179635794579,2
-0.07793438115147222,0.4288779293170242,0.8373892303752222,-0.0770000219477065,0.4491609521459329,2
-1.501239716135192,1.1383439408172191,-1.594856959506267,1.4020410473263558,-0.7131812724685245,4
-1.6419041798801022,-2.0297541559510996,0.7241254165027722,-2.3777930476922116,-0.41032721157898844,2
-0.10067018256774696,0.8458283523586092,4.403814068117919,-3.323548427201603,1.3335560050303858,1
-0.5480516792588476,-2.3654407992278315,2.1846111961608585,-2.1595965791958855,-1.1304682839473772,2
0.8051590600237382,0.6054133367913868,-0.007307488473747625,-0.16394212789463658,2.1358561580786164,4
-0.0028500632559096406,-3.38743803254972,-0.5423999421356522,0.8234199607081936,-0.701003394027214,0
-1.2493134109583108,-1.9878540312429318,-0.513795803705597,-0.11776070937087524,-0.8357735596740097,3
-1.2127923088194033,0.03317009465721976,2.50221638816174,0.43644656793103787,-2.1858838238913068,3
1.8557736630327217,2.337038426348858,-1.0724298002148618,2.0969697734778383,1.0107403064569411,1
-0.6397463470472797,3.637204552505021,-0.7977580101442456,0.8957809568308367,0.8391266482159836,3
-1.20713930508584,1.559144121938974,-2.2369914121579777,-2.3156739239294133,1.8368394224298212,3
-2.4451951635206757,-1.2311408382897246,-0.49855469111528083,2.065220268358237,0.9156472409143759,0
-0.20317384753016265,1.7421967646311325,-0.6601029803813215,0.06569311211466133,-1.6910595932346708,4
-0.6866729717413951,-0.27078145868005254,-0.7933255459424591,1.0647336378604333,0.788609895513215,3
-1.855241794428402,0.5668235530931283,0.1390794995952297,1.9648154912086366,-0.7180838462791637,2
-0.59990156287623,-0.45145629431989387,1.1636039183291806,1.848179701077055,1.3464712189332215,2
1.3676191902932893,3.0749093106019965,0.9390902922032841,-1.1703190991814547,-1.2472520277315717,1
-0.17787010327834574,0.6305945364205184,2.081496807374506,2.2895954267254055,0.8554749228818946,0
0.5617181544756904,-0.13025982456887264,1.3750971036596216,-0.1453786188588344,1.0681359502005257,3
0.2364847200926985,-1.0696206122726706,1.3892927422901633,0.33519282018438556,1.491348468273515,2
-0.6755288127290439,-1.3982243476691592,2.1414083064206597,0.7256738897849262,1.5407310015722189,2
-1.0078954671614588,-3.0374117660510205,-1.2164890464579663,-1.441584848311588,2.4554926578463845,4
-1.1100743596120701,0.5373225588137647,0.3961429656042288,1.3482496235402501,3.9225745102195053,2
1.9424034708506146,0.8529003549408191,-1.2636644873406953,-0.2508314670073879,2.6562317254154078,1
-0.143013884719579,2.7613002196521124,0.26830894876243916,0.9117612804142561,0.23743457396898515,0
1.216666689089478,1.486947771634887,-0.11380264553826935,-0.5244224360369458,1.626055955895691,4
-0.051652317311918106,0.46467867427174103,-0.8019393138527036,-3.2744597260797095,-1.9121470432966996,4
-2.4303821833522976,1.3823465798679773,-0.96156947850158,0.33955313070327686,-0.9798110812738745,3
2.8308608414748297,-0.5067272946811394,-1.3218868494766935,-0.9789467887918226,2.322470743491693,1
-1.8967007088022099,-0.5315281193259557,1.6192129090568734,0.4061596604340658,2.3089147995630386,2
-1.2061918820225477,-1.3627977532485467,1.306322686335067,-0.2558852155387501,0.9202274201149939,2
-0.4162269855610585,-0.8835026750264336,1.328172700914489,-1.8003318619470488,0.5616112130155837,2
0.4626741668388332,-1.139994070632069,-0.5090552517063576,0.4359736232597743,-0.18674750798223672,0
-0.5358512859175416,-4.41666483454067,2.1280169585123607,0.9186905299884418,-1.4489734698630594,3
-0.6547983202419214,2.5700996264774822,-0.3875728892851198,0.9948565047352977,-1.8105364169404208,2
-1.005670806090443,1.6027631672079858,1.4322144083266217,0.7385613824179824,2.2284280370017004,0
-0.9006223170772784,-2.947156885816569,3.76609221896721,2.4859687598956985,-0.5216051337760919,3
-1.0697467366202833,0.44848805265323755,-0.54987465061513,-1.8681626450442101,1.609265815368177,3
-1.7021656939180154,-2.1606543242909098,1.94321531668171,0.4670955541642502,2.6220563158548607,2
0.5276518340974155,-1.296852836877234,1.7222071392990919,-1.6636935236971788,2.3084014265531567,3
-3.030519195206097,-2.1096659886233153,-1.5787661897446799,-1.4408605719646257,-0.06460531592082575,4
-1.2214049929787913,2.85463364627155,-3.7498375181017853,-1.6890312537303958,0.8583313349203211,3
-2.576454718440906,-0.2842629506298172,-1.3684324546064683,0.33873090939919437,-2.326970795227338,4
0.3052144336197071,-0.707876517395069,-1.0672827998120396,0.29631294770542527,0.8890106788289236,0
-2.530664291543841,1.7495990638175072,-0.17602505630980791,3.7335364484031985,-0.7577319248140124,1
-0.46961586725799553,0.9453719119479925,-0.7633031648253249,1.5045713846017474,0.8132892232745584,1
-1.8079237769239591,-1.1628107380004362,0.5933025975474224,2.6949908185786784,0.6689825272466139,2
-1.1285313036687232,0.3976006606416471,0.4058257739887807,0.8612711210773125,3.57547105373117,2
-1.070786622623481,0.46001485079356397,1.3451601210923514,1.4883881686071068,0.15750488787968475,3
-0.13255705806110418,1.1013970376143372,2.985428868645467,-2.612791427207471,3.6002774368136983,1
0.2140896408056392,-1.480998596141525,1.718136177000938,3.004052874413465,0.9638130205007531,3
-1.614133762450027,0.5077218815843969,-1.765591910107927,0.42035135634437126,-0.38909188969959096,4
-1.4486819382781693,1.2461704219964849,-1.108773159720762,-0.40320813936427424,0.6325811645521495,3
0.6396986209587608,-3.1157738653731393,0.12150520976678603,-0.16538192893107906,2.0142157170189794,1
2.4376462880289553,-0.859876262975751,-1.9501553499609685,-0.5742728252176841,1.9993318825826385,1
-0.6553710329127043,1.2084309621120144,2.9173373872708748,-1.3535916501889356,-0.1071046553813697,1
-1.9057293960277513,-3.198233904185515,2.36350377268691,-1.13337361923716,2.8553996997782845,2
-2.3563431857174266,-0.0701234678940249,-1.3223461238671845,-0.005686407676368077,-0.7646425389213588,4
-1.5846046314218665,0.6714326487291502,-1.1612444590874187,-1.6629486626267136,-0.9589965971034204,4
-1.1518474244539,0.4873968772740819,1.539798687406457,1.2398913016072282,0.8367108469754713,0
0.17992646188834138,-0.33628619307295493,0.011805214270167674,-0.1285235986760771,2.884416151508967,4
-2.834407153488347,-1.0522178727127987,1.401771053930622,0.7328534658429959,1.7851863786027669,2
-2.042513905979356,2.882276367808334,0.506264624929445,-0.9049656767563963,2.6541108164898786,0
-1.639017331192722,-0.05381429287719308,0.9883748545415643,1.7674337313334525,1.9588033838434964,0
-2.867410712176669,-2.0857436038046293,1.6149961709586376,0.9127202846424646,2.3930746651951784,2
-0.9887240836393301,2.0934292522226245,-3.2527927371816356,-2.092322110868884,1.4731427087427666,3
-1.7541529982934332,-3.496940378722569,-4.743745127569831,1.800536539124392,-0.9756986018507243,0
0.8505938788406516,0.40452756006512514,-1.0209818499716914,1.4282107871675196,0.8643211361360348,1
-1.3266046906663238,-1.2252041348227882,0.9520532565679195,-0.8347010478704568,1.0159239424664215,2
-0.006835609869273673,2.981084428944799,2.734399313544606,-2.0942662583425093,0.41222394337580903,1
-1.9884336280016428,-0.5478209652064184,-1.6962622168944814,-0.6151418351574174,-0.1289699969059397,0
-2.7785998369156593,-1.0395869533441962,-0.5808202940573994,2.3148195920543717,1.3969379267604523,0
0.5660768163639498,-0.23335714501494964,0.8380159305174804,-0.8814600823956829,1.5563971354423654,3
-0.06211830133261498,-1.0394193728449228,1.6265038780140655,-0.15482197715584456,-0.815492530454575,2
-0.3255366716919915,-0.8614228475287253,1.7951384741980039,-1.0076891943272828,1.9592105244351052,2
-1.2694557504479589,-2.325038987426123,1.4095789376711099,-1.7336120674642417,-0.8652316876300581,2
-2.4739947945225405,2.447748675642184,-2.9683446842342245,-0.6659659386079083,-1.0229824383652084,3
3.403963995296534,-0.4342030548540796,-2.113637178068873,-0.298165955004557,1.6625676482257745,1
0.10501332607379954,0.05123527455541921,1.6663906360467737,0.4860020891702781,1.4530012929190597,2
-2.27542481473815,-0.018571515556248253,1.0697050767843015,1.2307856809499849,1.7999925817164066,2
-1.843293273380033,0.35228036131489615,1.5893481206337996,2.3747539138141858,-0.22434798836424263,3
-1.9833378263456263,-2.3578379896047674,1.350956309045949,-1.7887584686381492,1.6038635083492365,2
-0.26228527842150484,0.013003545876004274,1.7128340314173598,-0.7924507923569356,0.5815628988232234,1
-3.0155747513912563,-2.4044996728164,2.30478186971325,-0.6053823112251147,2.9478046811064087,2
-1.1451955411671164,0.43753299522855427,1.251565664491796,3.2852490068105533,0.8024950653779412,3
-1.7859414907633768,-0.11448883886471029,0.424350227020339,1.0952594341590705,-0.5480052618454916,3
-1.2200866945544684,-1.2224794537548371,-1.373236964719986,0.03949854078996773,-0.10682704564996992,4
-0.015683640352808004,0.05441876698370929,0.49202355867271486,0.18379404224981388,2.670719408298058,4
-2.32147295087684,-1.0159590506300684,-1.3853268751770675,-0.8736193707117746,0.82656655147012,4
0.3384991217661273,0.7785907449130616,-0.6521502930836302,-1.1783300867772957,1.740729776753202,3
-1.9821532486772542,1.0859551487732606,-0.12406950570701314,0.9384033966868762,-2.0534778788179366,3
0.8653419045874715,-0.8612028769164322,0.5856449850637433,0.7682882067935799,0.16362347985458958,0
1.6552700362757675,-1.142429233347718,1.7342103070987407,-2.103989779759766,3.832551780421349,3
2.5559327214473573,0.2540175861122508,-2.374993686948903,0.3688296825201376,2.0155985455600316,1
-1.3799825746788437,-2.0849844564593836,1.7935320480362773,1.4127544937909409,2.9997414274474936,2
-0.4445061174086582,-0.344610383838982,1.9024845523464704,-0.22816775650055132,3.0916497957298845,2
0.11280574757440331,1.3587028097657234,-0.5086088749665132,0.45967850322279546,1.449796263404977,3
-2.058880993871113,-3.5920323701426633,-0.5516570442270516,2.299837168917403,-1.2638228508471432,3
1.459508974348994,2.4607277723311816,1.1186444485153544,1.961199543419562,0.45532102843061706,0
0.3019273126066937,2.34966625441891,-2.9304546586692313,-2.6096391472406757,-2.9568030256689557,4
-0.8604502503503821,-1.4940055460284938,-0.5166123094100332,-1.5464739239227014,-1.8986697837083306,4
0.17939207780944666,-0.2519096140920589,0.2702080495050876,-1.6426943431820888,2.630159965873884,3
-0.8259678193774489,-1.6107203420856289,-0.6036785604740895,1.3908695618115914,2.0837922837370875,0
-0.04602212080167489,1.6861010862452086,-0.7401487330941026,-0.19613385497073543,2.420625011136556,1
0.610185136550291,-1.6421508541523226,-0.02833386788422476,-2.188862994313676,3.0056909901660878,4
-1.4329727050988796,-1.018119264862115,-1.6479683215450345,0.650120746375908,1.0072135061457563,0
-2.023426462314176,-1.1916002857639723,1.70220878626174,1.5853502735580127,-0.0296194060666779,0
-3.522972242634905,0.30981388277673827,-0.705625177082535,2.613336742980409,2.1388717676821214,0
-3.309237395321237,2.8264719284975808,-3.053853975279797,0.006141243432561838,-1.667915433710566,3
-0.4856716619774414,-1.0115209767418236,-1.4773033186243776,-0.8499968691623714,-1.4281951323639095,4
-0.6511615776129132,-2.4067203863414752,-1.124421115527858,0.596097463933257,0.8325598335148857,0
-0.5455425187586731,0.5214347779716948,0.3694608543789022,2.9311885259052,0.7124147273091116,2
-0.9407019460579116,-0.007566785023163103,-2.335198640477293,-0.17575598057909914,-0.7547064326619546,4
-0.7895582870445348,-0.4328489548187566,-1.1107562756466596,-1.1763792449686483,-1.5496677267251844,4
0.18468735426439975,0.6436989965683466,0.8705415745641223,0.49290329249211773,0.1810562097984496,1
3.439831241605159,0.7008990547941036,-1.3009095783718254,-0.8714230711066817,-0.1343884523680996,1
-0.7674966060445256,-0.08197745437393045,1.6981577581939926,-0.2253031386423695,2.5690605893413916,1
-0.8969560730294738,-1.8178037300455048,1.4683269260410508,0.05927938148891787,2.114117862838881,2
-1.1401515956479118,-1.837437365689734,-1.2660415101828093,0.06305932842055828,-1.2246438152746455,0
-2.751321478754299,-2.6682871252152554,0.41554395626435103,0.596858087258755,1.4379849287927757,4
-1.280560590985596,-1.5260726797880324,-1.282733936877491,1.3350036796664808,-0.4602784347484752,0
-1.4366462920750351,-1.1198862096909923,-0.5519138683974365,-1.1347491083488905,-0.8785198197813886,4
-0.969964440545851,-2.298112774283155,-1.659367886849121,-1.7675138335279807,0.8221352092482099,4
1.67670619782474,1.132372076907315,2.5619426496345867,3.0840367796693404,1.0005368560027001,0
-2.8272836631881892,-2.8398923905657822,0.08246926387079001,0.7378004376657725,0.544240594268435,4
-0.5227076880280499,-1.4986186773469337,2.5245812100870832,-1.2006265466528463,2.252963030179412,2
-1.090944315041922,0.6155089745042636,-1.781079802784319,-3.0675279074871433,1.9957474863753493,3
-1.8591747145649518,-0.4940636711123061,0.3364016642292075,1.1435038758510174,-0.1819326278626896,0
-1.0355600130340974,2.3738237595602323,-2.354358626313802,0.1193857554982245,0.8139096352197243,3
-2.515267064159647,-1.8495591779493543,-0.8907599322716953,0.9969483520270206,1.4354721395668295,4
4.5453454027721225,0.12441974200086503,-1.2000567206570825,-0.11526377818416333,-1.802830626143658,1
1.0070085793336787,1.0973299625904989,2.4625578594900013,-1.83645671294766,0.8592001262933733,1
-1.5272087459917267,-0.5243443121057085,1.612008410138779,0.7076997539673713,-0.8082318436890273,3
-0.2799347884661205,-1.6751556332451596,2.2647738520611607,-2.4710295425701774,0.1926471899982456,2
-1.4392569566151072,0.7877654040308582,0.5878814622784991,0.9779855148453886,-1.7000183833919134,0
-1.2951366998916647,0.2564604746395027,0.06455439867649948,1.0988875903903816,-0.5582236849225912,0
-0.4022907476353953,-2.3818890506396597,1.0742595110125335,1.200696526722752,1.3952624692926514,2
-0.46555867874761603,1.8233234029949035,-1.357811785259107,-0.5329409120711686,0.4487653088639978,3
0.21799773907626174,0.675378561407989,-0.9383763570896769,0.4266210262588619,0.37067667817739913,1
-0.01257948870246628,3.009857474788436,1.5858564391681496,0.9804259536011648,2.054838756470168,0
-1.6385995267488511,-1.0404934810462323,0.54743920361829,1.8728544531505957,-1.521008873615409,0
-2.3296130987940207,-1.6326198555843834,-2.5067196451008056,1.5177318836216065,-0.5706813317351758,3
-1.761195903094143,-0.9358688886999665,0.9713218223905608,2.2903105923920632,2.0268284921527964,2
-0.22533623439029316,2.908551910185976,3.838641256105747,-2.1637042845133534,0.12565144659524852,1
-0.6090975241088525,-1.6838933826834839,0.0779994950229097,-1.9300665806170858,3.124699651250265,4
-2.1352413839543685,-1.9174199013108715,-0.05235134798946495,-0.5124185695998775,0.441579926001642,4
-2.4592982649754553,-1.8894169389962325,0.011521661829918317,3.209307848229884,0.8415082529313003,3
-2.2154730443631063,0.26097938120135544,-0.04759866363704901,2.1319158097266344,2.22499254329146,0
-0.457001828505439,-2.9403916615373467,2.176652068422254,-0.3945330554225879,-1.3150583521747792,3
-1.2357170524821681,-1.4875930902926913,-1.318183447440893,-0.36900864543974454,1.1906768765999238,4
-1.4219969693077292,-0.6873585947887612,0.739141455827554,1.175939105002107,2.4188625890336413,2
4.175116356620792,1.1946400536372268,-2.6609124692189994,-1.2130796619226074,0.5115622773546031,1
-2.66635710754631,-1.0541042044016145,-2.573281491538747,1.0180530276233497,0.06913336977841711,3
-0.7591775663235931,-0.4133099371844814,-0.1856417276901675,-2.768907670594992,-1.1765440597358345,4
-2.0145433897431233,-2.2869790283388403,-1.5303785120440856,-0.7192142561057022,1.5316968075480835,4
0.7432885844542135,1.5010774344565663,0.2666827003169656,2.5443056073342536,1.4895003968297686,1
-1.4537460978389953,-0.6366998111507716,0.5502374491495529,0.30847422609747155,1.9904556694863196,2
-1.34393732121815,-1.0989174647924274,-0.1603157050489209,3.0304417316315058,-0.18037978247512676,0
-1.4608371943353884,-2.7418663400647256,0.2730181465905316,1.180159527380866,-1.5978779641999052,3
-0.6672723776123193,-1.1498074457777563,-0.07720117784835834,-3.408124175378265,-3.3397395963328007,2
2.504468126835705,0.8263202763465205,-1.2500300827223052,-3.686069442943192,0.9833393352097154,0
-0.3406914376584881,2.7422841993883176,1.231504937434471,0.07825988255614691,-2.024957629704723,3
-0.6693712688868931,-0.6019835709467436,2.0070585535841765,0.2755299687671111,3.571814548066762,2
-0.36192970887877096,4.933442577008533,1.8139613884046746,-0.5904268996924704,0.7933968516604412,1
1.1247229586080763,-3.489776969465373,-2.3377425543914603,0.05654989005280331,-1.4632855958723678,0
5.170535244318049,0.012134482695583926,-2.370721741508791,-0.1437890727822062,0.28721656316178434,1
-1.0121117607851933,-2.633156557553362,4.760823521842525,2.0679582285559928,-2.1840779888939195,3
-0.8744311801664933,1.1014289574725982,-0.8883810967502119,-0.1641835700192249,0.8924228658043081,3
0.17473768098329168,-0.3626284365455472,1.5491141878510053,-0.17432103706356805,2.235197214781257,3
-3.7744423781491285,2.440844292932366,1.3901131126691317,5.071035764109994,-2.1493177840210804,1
-1.528857476420472,-0.675712865334084,0.921156864099246,0.4396742932074946,0.5782304579859463,2
-0.06340348312666721,0.388219455584373,1.1227232866871,-0.6566228266407873,1.9666771485676238,2
-1.979383033084964,-0.8969419789339692,-1.1706823508404685,-1.9394094319656143,-1.398172573576582,2
-1.7337528927349632,-3.1663789224937053,-0.8168212897501961,0.2900987833821389,-1.3417046275546531,3
1.7362443902640243,3.668389843318093,3.510948390289168,-4.100145906741464,-0.6331352219849791,1
-1.5417047692833283,3.638629100576133,1.6166972043694552,-0.5646408555493516,4.781310109034276,0
1.4259995128360787,0.04998984480494606,-0.47298851429260336,-0.3068071613347597,1.5130886371423706,1
-1.4631491534127257,1.8142480444736617,0.06824887667574064,0.04802163649030444,1.4436085434223624,0
-0.8839198848676442,1.2764142529346811,-1.7631205130446959,-0.9176958752575783,1.1987671617099729,3
-2.084965565098588,-4.156450828474586,-1.9815143181363968,-2.69542453935172,1.3949984897007845,4
-0.7246297395397847,-2.2746324088933916,0.9065048004866552,-2.798859013156988,-0.9475922508481999,4
0.42067242628118695,-1.6146642164590128,-1.0009752352906895,1.5683901561128235,1.9806021957471365,3
-1.2326037469136972,1.6005132125275394,-2.827210891809596,-2.353082185390382,1.6709326801793547,3
-1.7736846499344308,-2.595488967128028,1.4253036647038866,0.7845978444185284,1.640430201339715,2
-0.260197263089068,0.2397034246404931,0.5085399001059832,-0.3662392590183149,0.6647641119916007,3
-2.2178252161412537,3.265436095683132,0.7416682771813654,-0.7799261328162919,2.9698550243099726,0
-3.054149159071332,-0.3948334994578675,-0.2065476409645164,2.958422279076861,0.6678812264838436,1
-0.8868629263031461,-2.1707310316127937,-1.880755251630564,0.7547570526198251,-0.5342851517626512,0
-1.8169617220296992,-0.19994008581779132,0.5564756490695595,2.7077340223062922,1.1958319302087472,0
-1.6074538608914488,-2.4201677088821043,-1.3794194599424092,1.5962699683282984,0.20200588243795492,0
0.6751607277248004,-1.1340034037891749,2.050759997292081,2.518769577645689,-0.08053519478723314,3
-1.373392731912367,-0.7571091628104807,0.7607453292169679,-3.0006357978395504,-0.38548556028990455,4
-3.080675417254374,-0.8159803545980384,-0.850303554721223,3.8192107125393457,1.0547934869883775,0
1.4993339988800363,0.25619503387089093,0.9980768912864331,-1.1173796900297188,0.23151773460014946,1
-1.256594656186968,-2.4647771965327148,-0.9011594721037831,0.20693548023483932,-0.9570884265437741,4
-0.4844824244030067,-2.0208244241331617,-0.22758841575350286,0.19352073585082852,-1.6564582763844005,3
0.2303337685671074,1.6210582747324094,-1.4778158032678568,1.403809527073212,0.25535461305551455,1
-0.8533374774858082,1.5992228648457132,3.374667882724497,-1.7855056723428504,2.097598629750168,1
1.2252538133123734,1.6072527267012133,0.8174983560349178,-0.7153462014997849,-0.6912253795701189,1
-0.8891885712481328,-0.06967072494539861,0.4192102503021957,0.6218887454913851,1.398708838919414,2
-0.5574435543501981,-1.858980675188383,1.3315337794781152,-3.5930022853622763,-0.915035216130574,4
-1.6911071116856418,0.7846418663770962,-0.6168736129585728,0.042255071129685184,-0.21725986265719177,3
-1.9482693572591958,-2.2279815602239896,1.31936158284207,-2.374683533491008,-0.4039073372148233,4
-2.746841923635824,-0.4408377404665287,1.0015771416945414,0.6433866443315089,0.3117984552173373,0
-1.4046994192261215,1.342238890739277,-0.4775813522478769,2.837587898786842,-0.11411913956417452,3
-0.9802753384105776,1.0948767374771964,0.9989321603780316,0.8120505936153697,2.7604817071896095,0
-1.5661437488885848,1.27206392480974,-1.1478907811635404,-1.1143817183496678,0.27257696278830745,3
-0.7712215194198976,-1.8721946279514354,1.266735565955464,-0.08812903680156126,0.357758728086085,2
3.3750351683019453,1.7711824014552633,-1.2897554325453648,0.15583149832754517,1.4206325049395565,1
-1.7878755089208624,-0.1792506929463339,0.25666859057858216,2.3391029798025045,-0.47068585562150245,3
-0.39223111393518884,-4.4830336842512715,1.5514685924528386,1.059371881736596,-0.926110937532166,3
-1.2708744609101943,2.039129330885293,-3.7367568988847424,0.3595930730839374,-1.856100028211488,4
0.41873211111520003,0.4360176319960455,-0.7527623288490534,-1.9745423533809732,2.075443209782637,3
-0.6854453597316297,1.7962976637512942,-0.4538064290023681,3.3038268602528675,0.19767427198611243,1
0.2803534962377552,-0.13869048104817794,0.6593406422630526,0.2023581055316901,1.9007583813143647,1
-1.8522038965381298,-1.4225554088890693,0.9875110239897796,1.5828630875187133,1.3018490787627923,2
1.3886687896868026,2.0323771701587585,2.4656367474828516,-2.3391162933990297,-0.381267820947053,1
-2.5738158831669224,-2.481372748506515,-1.5827804736501272,3.0222896142357447,0.12430471293432765,0
-0.8593595370485091,0.3577388571492297,-2.903588580069039,0.18218784867361149,-2.559838861840256,4
0.7451995710029446,1.7346199932673207,-0.4402520659356718,3.408666559355245,0.36837288791606226,1
0.5608455299035555,0.07793601233513847,-0.7517706629608876,-0.5495656220560214,1.2528204553996098,0
1.7566985275804354,0.9645727212012595,-1.5565246207957155,-0.48296938741871864,1.711593640392817,1
0.8289970786146986,1.1087152718882665,-1.2873997093211136,0.4317690537407888,1.8391893920821727,1
-0.9441852453861534,-0.8858691427646268,-1.0188005580419148,-0.8018343281498881,-0.19771827659227825,4
-2.975979432837704,-1.3127150042781621,1.0459224179716962,2.1853061287880164,1.433229602837116,2
-0.4628091443486233,-0.8808488025781986,1.4573022257011548,1.074361339994397,-0.2176961801179218,3
-0.9284152716496772,-1.445176166092887,-1.888918090436313,2.0167242757832433,-0.12815028697327835,3
0.29924791598688194,-0.051119181517135015,0.9520197712862638,0.3081618263693219,0.5278323340756057,2
1.1699126655497085,-1.2178580146566205,-1.525125308000817,0.6182171194188029,1.0452120980609187,1
1.1944837592087767,-1.5766385692884541,1.9927239938809143,-2.3156711362285547,3.610413982410922,3
-0.9478678048213187,-1.3725838535957062,1.2669764919168933,1.0930257797997884,-0.4802350477152041,3
-0.9400347666496515,-2.098196349360187,2.2969833477051687,-2.481593501501405,2.3653500841503217,3
-1.5351620801118706,-1.8991841847840658,-0.7415425128366697,-0.4921129149062835,2.2635707300181744,4
-3.429784152309356,-0.7745652426838725,-2.5674754797045694,2.6769807485239365,0.9761493451720279,0
-0.7435492921504576,0.6946130483752768,-2.532983869312387,-0.4316974781429952,-0.8293056317076278,4
-0.8682126756049391,4.38115103716019,0.4649945943056415,-1.1127336729738886,3.9196855971229043,0
-0.46272526509265544,-0.8536380526100675,0.09489118349519421,-2.9455142417384703,-0.5202854672186781,4
-2.2255593522252464,0.6440036878179382,2.0732871975594227,-0.6160090498844792,1.2863931247524765,1
-0.5909586293473541,0.9750096418742659,0.9997051542915274,1.4367374744142614,0.20547871249264715,0
-0.6643411535332426,-2.921104810491041,-0.555919790278491,1.5866927321584932,-0.8053512031689536,0
-1.4431235083689133,1.575044656824913,-3.18975630945754,-3.139328395928168,2.208498419529557,3
-0.8107154211807412,-2.839067507045099,0.03606417619708102,-1.3007995166897723,-1.258604445473801,4
-2.6173603027205834,2.4265869921073877,-3.008722318147477,-1.0406767647155994,-0.3694211116759265,3
1.4832679145071614,2.526176288147,-0.6178124660847009,0.26512490863828186,1.787606820525824,1
0.16802790636107612,-0.935001120855172,-1.6641158536352356,-1.414309670518896,-2.187304850143999,4
-2.0821744238290423,-0.2537448516580788,-0.891319709157959,0.414817015154582,0.7737369349824283,4
-1.9500844224059257,1.3076754794886836,1.2730848525771432,0.5267467908919592,2.267991743088759,0
-0.42589635644198676,-0.2669781361192717,1.3786752187338305,-0.6639922737546748,2.22598957267713,2
3.082861977512232,0.317502729437797,-1.8350610805423284,-0.9863988022388357,2.231592772427532,1
0.25349636020524624,2.6113491121443078,1.1977184037286257,1.2056307358473832,1.0040812586670829,0
-0.10663055301782776,1.316723210362672,-0.44393765764958437,1.4204434661552983,2.682185051681934,1
-1.7153693330565156,-0.4237319529038017,-0.07624355329138033,1.4363876180105075,-1.0440984805249418,3
0.5595093827651774,-0.7298716968841059,0.6403940869261933,-2.1863194672729573,2.9086665497762834,3
-0.6778255134053202,-0.7821467145085731,0.5535112363993023,-1.3279177070387365,-0.4908348226532948,2
4.784740155915636,0.9732822538317618,-0.2810862665535292,-1.9938956776113017,-0.7104800054664147,1
-1.8803112223328142,-0.6681631127604366,-1.1413959961727262,-1.297374437769781,-2.093939958292304,3
0.02958506937489358,-1.533129531869681,-1.266902282352565,-1.6960130070176187,2.3790490589622975,4
-0.6607956358113176,0.4839724957632717,1.4594065665315403,1.8442954059419696,-0.3808672261552162,0
4.080356655313798,3.41957986363681,-0.3558298935227482,-2.5652339405667366,2.088538397013158,1
2.5862555717105984,-0.05797263846378464,0.6710936342273042,-0.5445992487462433,-1.1504725075936144,1
-1.1849519403254147,-3.274406365616055,-1.441092538487677,3.02046695534463,-1.4051019430218474,0
0.34131537776342347,2.1291689922090447,-0.5454163283002536,3.6814145771632485,-1.2372299566055203,1
-1.7625878452319381,0.9377306042914355,-1.2600650632439074,-1.4068276532185013,-1.383827541328091,3
-1.9405193629095483,-1.7445565253850077,2.591231612183317,0.6531103256205608,4.456874431370549,2
0.04278293029156566,-2.37124272149926,1.0111266811691817,0.6528336693984276,-1.2772120063850416,3
0.5745781503226586,2.8893233397424547,1.1211660500607972,-1.0256769783507245,1.111795594464035,1
-0.844243946579954,-3.973232013918825,2.2164824474757827,3.21537338354966,-0.27175206360590354,3
-1.2250533442084532,-0.08295615705192094,1.2908370831584486,0.16756838325687584,1.484986273195612,2
-1.2367676725223038,-0.3168873872836383,0.8842574289990389,0.23892460638405943,-1.3196150083625195,3
-0.7126789847996933,-3.2207511942054223,0.5631296284100784,-1.5406093495098307,-0.17288878636540295,4
-0.7428491114730413,0.916314049217792,-0.7777089282004918,-0.5432385928255778,1.1645279010500138,3
-1.4649726985719078,-1.1240884105812974,-1.9792483504630614,1.8567079769914563,0.8285857788385027,0
-1.9163220240282277,-0.40620992156386704,-1.4974176003255921,-0.14435092883327116,-0.1595946869403687,4
-0.2766986385969701,-1.4279453682641303,-0.49788817704547816,-2.0878641706292984,-2.233932416439329,4
0.018757721927032955,0.5699115733328914,-2.596561534484617,-1.0432942934766969,-1.37238809987441,4
-0.9041521819954976,-1.0750536331520144,-2.5543309829284873,0.9092071730732216,1.0988816668971428,0
-0.9323497232573957,-1.3392277438563274,-1.0033901140790464,-2.4418217592137648,1.0944252826562755,4
0.40163822057277865,-1.1317811744438318,2.3611283022246665,-1.372093530902351,0.156982620043974,2
-1.7764569115231603,-0.2650822723081325,1.5427687765652558,1.366613827554107,0.5321508792853051,0
-0.5537644087910023,1.6072726679591254,1.198034547165307,0.9914756449677796,2.1021763636537405,0
-0.288569754507607,-0.6100287541060971,0.9084512835320576,0.2545212401402144,-0.6735449328716734,3
-0.14507379788110153,0.19497709104098593,2.3540856344468644,2.758992291321613,0.07789082614879017,0
-0.9457988549617176,-3.148840982884603,-2.3970550593522226,1.5900680645118215,-0.7628916128105896,0
-0.11616459029266579,1.052579591921003,-1.0043960156965857,-0.9985280428715719,1.9445112470850074,3
0.08870538266896522,0.465331856323811,1.7555542301308078,-1.2737367954304097,0.2929918759720336,1
-0.9458307340775938,0.009260042173682259,0.2511512769983997,-0.41190266049151414,1.107298024582394,3
-1.7066194051760752,2.2580804544546265,-3.145478937932305,-1.3040661606654418,0.3544533506579506,3
-0.4361536064427918,-1.9088627866061292,1.8260497709744117,-2.9273598227526882,-0.9000619556733089,2
-1.1645055096568606,-0.9260490287449676,0.7094644765056017,1.158378577652969,0.403850555702599,2
-0.5848915520302609,-0.7923925757038571,2.7976722312794795,2.7151947776309044,4.566085571986916,2
1.4109448705289385,0.37354260267592154,-0.9480845597806771,0.28926873133712205,1.0344604928803882,1
-1.3680678402386552,1.3811401423736411,1.2882416089519393,0.45993881571167594,2.8364815094841402,0
-0.24751029455612206,0.6200382869459058,1.281030081121705,1.4506403661975407,1.4022257562737321,0
1.1891899003939166,-4.58165625313714,0.9399966051561985,-0.24501764916113977,-0.9665804945513659,3
-0.5356299987964006,-2.309737245027307,-0.8225987357484836,2.0705132647722273,-0.280259804983612,0
-0.7722194688962971,-2.492170350380489,0.07180755003583561,0.9109749301872051,-0.46491581110865565,3
2.3109019898058856,1.647371585109105,-1.0070480612459793,0.9493157079475409,0.4980942271958899,1
-2.117483957926389,-1.2836030881186717,1.4770029083543263,0.7624634116465974,1.652204982815787,2
-1.958275733664698,2.3092523274196814,-3.2562569851488803,-1.6225321782335824,0.24707477407386857,3
0.3370541183288309,-4.299335742934792,1.0489051547328565,1.5131986397589783,0.7728127508143128,2
0.30534477777012814,1.3536702296085013,0.8790082340180141,-0.346956475658482,3.2292250466434997,0
-0.029979476410024852,-0.8176918964640512,2.085590903042771,1.0414645003855718,0.7146068925071314,3
-0.5193139019738244,-0.09360485646619177,0.6670161779232191,-1.1118999602894861,1.0653012003381082,2
0.3614357673276749,-0.39931445523491427,3.083522342787859,0.7778171471751347,3.640673838095578,2
-0.832277732976749,2.7093463432598086,0.8994051238369948,0.19955039749662007,3.619343976146881,0
2.117432633790473,1.5950868285117323,3.248862351397646,-3.4230648308281295,0.1966511016951784,1
0.4114865752873257,-0.7439014025217836,2.069137966913628,-1.1916061525412838,0.40056593843381616,1
-0.29278327169464446,1.914295631645762,-2.4167087868913857,-1.8467852568458167,1.3062349567040508,3
0.223600032930664,-2.143532646636044,-0.679366747389091,-1.9404747851137867,-2.30339695394811,4
0.0010603045908841313,1.9939972108636663,1.743455276368338,1.5463095826692013,1.6125006648912332,0
0.8764696902485591,-1.416550343905465,-0.11344542045326256,-2.418550807164773,3.4592436054049935,4
-0.9075928120955853,-1.481012419012737,-1.5004960568977586,-0.16718126493498908,-1.4401011903193637,4
-3.6144504956318917,1.9164841997088389,0.836588183575639,-0.9529779619668923,2.8350118929550137,0
1.7269268580098256,-0.48623993257904496,0.19225749128106218,-1.4637183567109129,1.6377619654688247,0
0.20788013599854327,1.842722689986246,1.0891349925415061,-1.1885542612689421,3.6717185589690553,2
0.5785267293221714,0.6202157204971612,1.7929053150164864,0.4428656865001678,1.7659498729487582,0
-0.6579024374869213,-0.3470673639328927,1.5347991803413676,-1.2487519246132976,2.101782377192655,1
-1.071596111176735,2.6730720280103313,0.16773081035564474,4.17966657158593,0.8593823585959091,1
0.8532706897988646,0.8104644253610345,0.010932406263710504,-0.19515753521297874,2.7520942893667835,1
-0.34251472664330795,1.9954934245506175,-0.8394457329866232,0.33365495075142837,0.5385238155746094,1
-0.6328018621433358,-0.7749827894461531,3.3858891095682075,0.15847548601582573,-1.6599050604344647,3
-0.25445082905875105,-2.5204439022317233,-2.189918441343096,-3.4794172117868327,0.969397625543287,4
-1.4539860885357019,-1.3001547472091048,1.431505179511354,-1.7822943651058845,3.2749556333427945,2
0.37457712371054397,-2.8128216404007786,0.7064685796544663,-1.1123289384370008,2.9520331195963374,1
-0.8881669354471302,-1.3496731793296899,0.33864370831443,1.7314772787788613,0.16619081086896803,0
-1.3229726229184653,1.3144178856323054,-0.7482313071532691,1.3331469069898394,-1.1930098224462369,4
2.5806218693051144,0.09652568122284111,-2.8788843025447255,-1.1176276134760381,0.8377933433503872,1
1.3584882632873918,1.6353918320539296,0.07914457327483593,0.761961228696171,0.8471217695270263,4
-2.0626757952910144,-2.399451646658301,1.9837945302552176,0.9235485453872234,3.656263136897056,2
1.4437698885435664,1.95791568839208,-1.3392464668643846,0.7681965183676127,-0.7986127594124752,1
0.013871098148732441,-3.629732927242237,-1.2389356966089764,0.3341964347927697,-0.843457954316642,4
-0.19357494432897637,-1.2182312036607863,-1.6006105509185247,-0.6179697584397459,-1.4339951581140693,4
-1.3866861784241094,-0.6979689045256932,-0.6812719002860392,0.28743369128281415,1.178770758502967,4
-1.0399214651015778,0.4085258331544692,0.5137586889147547,-0.4733053057633503,-2.137331755394995,3
-0.8889512618021715,1.7070832304797383,-2.2632747824655817,-1.1551801596097817,0.324706505189165,3
0.3567238368811534,1.0041737246043558,1.4685205144487579,2.148308024812205,-0.07344443515540688,0
-3.4929926658501884,-0.8517269643086551,3.2926675578992928,-0.9509146129292253,3.1643826988105177,1
-0.38692290323133016,2.1654263330023067,0.4925177447492881,0.5163128512174624,1.4423808272935639,0
0.5540404481511934,0.896128166685138,1.517296622850457,-0.5392053646376039,-0.03498351675913902,1
-2.234447037609928,-1.5331296540052755,-0.4181717462491257,2.8738347493655834,-0.5706851631875791,3
0.8021620876533613,1.7125116586806222,3.1685759979140187,-3.024044872260051,2.1023841084240558,1
-0.676473339356386,1.1800845081199922,0.9393481553669327,1.4020846555414936,1.2438686264448082,1
-0.40846647227362154,1.8161222488892483,1.406678907092885,1.108788428020296,1.8745930043597365,0
-0.5326742718866011,-1.872498347098435,-0.9536448997321412,-0.8893416246315089,-1.8992238934170067,4
-1.3000109375882567,-0.29661247239101485,4.283826063884235,-3.3472163571526687,3.7245489721643428,1
-0.3376914439040499,0.0005384462685522617,-0.5653742407673061,-2.858406085953992,-0.7541127062607226,4
1.0781526847663292,0.43255694887972984,1.4843383174499845,2.75056403562778,-0.744248300086455,0
-0.6045107858418651,-3.629279577582827,2.0586002248528352,0.6097512191123742,2.9762318370558685,2
1.3931093694751895,1.3945058383755822,1.0140179939450125,-0.9933536811851591,0.8128531540583894,1
0.4407494820435157,-2.005123302622791,1.0595748495612762,-0.5023604977328833,1.497039277093303,1
-2.756881413355857,0.5799735508841165,3.687832621206314,-1.5837608305624888,3.1321783164998833,1
-0.3913509319154286,-1.0055728339418704,1.4423554819189663,0.10369756960496423,1.458905073278206,2
0.5072400759253002,0.6411744236721355,-1.0024697142025847,0.5660135620582554,1.7206586140510525,1
4.095168773081847,-1.2599451620084756,-2.748672586297485,-2.7461033291593298,1.281067398433975,1
-2.4164470343807123,-2.449545978005375,-1.7410680862052441,-1.2856705637413786,0.9176174479700009,4
-2.3362681387722692,-0.8533422403460444,0.5749054154326694,0.7567530535788768,-0.2212317638161041,0
-1.3441310252798755,0.3722247570621142,0.22113780684408701,0.624927042221729,0.555991011704437,0
-1.035624134004356,-1.5503352220296402,-0.404089309820289,-1.326584332446721,-1.3489023659801027,4
-2.6449440142925473,1.2036827294479404,-0.05126344410791894,2.593057733721367,-0.5927027317176734,3
-0.13241906960228944,2.0935780307390335,0.6575928713679788,1.1365231196024626,1.7164147051592078,0
0.7172263446605238,1.9975504742074799,0.3607000580607642,0.8016709171372443,0.487801501454159,4
-1.6595214639107572,-0.8406075383445124,-1.6332436719912309,-1.0589344053415228,0.3056719716026264,4
0.6403184420196262,-0.49744190474868755,0.6298424860480385,-1.4984276055659103,2.7768300321202206,3
-0.3156981168459685,2.000797951576613,-0.3745885217926175,0.7624181773854746,-0.746799602803415,4
0.2772430414715359,0.8486636259600677,0.692902849116491,-0.24097062905797273,2.613807886847188,0
1.5643278432004126,-2.148471429237084,0.5317285595773733,1.824951712843946,0.10881146237566752,2
1.3136138967628421,-1.2206688890150441,0.8143303271926727,-0.9379460409969491,1.0128049489184678,1
-0.7020342378509913,-0.417795049549768,0.9068383100446664,2.450225104078453,-0.2467110042819488,3
1.1231947079892444,0.6297452064743996,1.5664812191575865,2.7574456489524155,-0.20078153172843072,0
-1.7841716752275951,-4.461221789491702,1.8218885254948467,-1.3566388676432304,-0.6076299267765164,4
0.29042410730927015,-0.9726683138122278,-1.0087371432711467,0.15288106087122189,0.820250672799379,0
-1.773000049648813,1.408416662334957,0.9080220654802723,-1.360133363738734,-2.0307770467404342,3
-0.9877874355202694,0.3461926421590733,0.5639528498443254,0.5258568248520976,-0.5152328625842381,3
4.663828328329567,0.38074782950261377,-2.509531177777128,0.3385943985343719,1.6125811994675308,1
-0.14105543164352485,0.04892547233820954,1.0061246171077172,-0.6778039985235047,-1.2061370889242988,3
-1.8343577693123616,1.1369241054314423,1.6094715855279942,-0.4766744004751615,1.7845064946889293,2
-2.588007843259425,1.544635222188306,-2.583700634822399,2.5677228313379663,0.2000556356987806,3
-1.158206275815301,0.5766931894048581,-0.2770320186435641,-0.7446124735619168,0.15379124261557364,3
-0.8116879975684625,2.4761749603639966,0.5247495574268282,2.1747123117630274,0.16821274313000145,1
-0.832198971765792,-0.09924702245404371,-1.6164405015540158,-0.7225420047450504,1.3247764764728225,0
-1.5549548749264994,1.5568372079110913,-2.0517514479916032,-1.4218771932306904,0.17398402749830255,3
-1.1332892920381263,-0.09797183143061283,-0.3179674503856361,-0.5479842272408637,0.5385014523652261,4
2.8933747862038324,0.7448294826171151,-1.2762768706118255,-0.17948685304341594,1.7816818366973903,1
1.1159352855694398,0.8848427660382556,0.5496396493174661,-0.1894384611267006,0.8206454672908186,1
-1.4924392276214087,0.9160403112940967,1.0928419845921173,0.6500057550801103,1.1481779192319017,0
-0.4745410206201406,-0.013181142705336102,0.8065185393975369,-0.036404807812018936,0.35846987104366335,2
0.162425414287389,4.010717084286376,0.3861193648880217,-0.4230401593367217,2.5159532696206215,1
-1.9697726882475022,0.23692466339638774,0.8249090060389115,0.6375597733258223,-1.0543391524192203,3
-0.40799738886170145,-2.9419642503139176,-0.22150925137763666,-1.3045714758576588,-1.8848121488471312,4
1.7455562062525944,0.08243491489086285,-1.694483406128592,0.007592681851044225,0.9008896561837422,1
0.192978220011492,0.1651372244899283,1.5576108815434229,0.49560227160235715,1.7228923771095324,2
-1.0235976223837633,-3.482279720759069,1.1455634306851508,-1.8500036243937048,0.1717216564588815,4
-1.3787540897602701,1.3764086712465886,-2.462094531671718,-0.5032987447502083,-0.4109096019560846,4
0.821358432047256,0.03429163438866856,1.191891964549388,-1.0789975812146602,0.7589753454370974,2
-2.635365004074788,0.27461702802925037,-2.170898394729634,1.2760847785778413,-0.06399065712578533,4
-0.5246406761000393,-1.9166899666996677,-0.19138335480873736,-1.9041198628833595,-2.1585079918449734,4
-1.8643167680918578,1.6255595575249129,-0.256571359786252,-0.22858813191058247,1.0968572054396726,0
-1.0543141194399634,0.6404532153076039,-1.9114481633006961,2.557317593176635,-0.28467227092149505,1
-2.3611402699905204,-2.2736489802719246,1.6467819006613735,1.542539822929617,2.9202141131547337,2
-1.1210539852417545,0.006808555689566953,1.8747160199171105,1.2674872905575243,6.636423875958182,3
0.29912571654593223,-0.9867283961325839,1.6879437286128747,3.0805532400393374,-1.034101694114966,0
-1.9537569677103381,-1.0059054055619028,-1.8730063824999479,1.131309837625376,-0.018922124909974136,4
-0.3030377984850525,-0.035791612954821916,1.1899112067960942,-0.4096108331410391,1.8033514659020726,2
-1.7572779517240245,-1.8875640767602913,1.413819501309556,2.4583637720146783,-1.2745206315870945,3
-3.0916789960204003,-0.4783984548562894,2.7614559564116137,0.6263388116211763,1.39964075766389,1
-2.189855179834943e-05,-5.031408207542384,-3.5617865756685654,0.3417057743021592,-1.5314753834849255,0
-1.6824015488514146,0.4013072787037367,-0.5760390743875987,-1.3348878698230933,0.3692973806440364,3
0.020265208024938364,1.3469476668665705,0.14935078628646825,0.4504975181308326,-0.8817801049410041,2
-1.2539839957570293,-0.48027380755832183,-2.4652494626451675,0.5042692570849903,-1.0880343271485886,4
-0.1069374137724769,-1.5666857195240043,2.6710059166780145,-0.08614990330086902,0.8685184881835791,2
-0.7766196942176442,-0.3738444255735951,1.243758698401336,-0.09439284307873641,1.0764436060463092,3
-1.459223251385659,-1.1860304526487637,-0.2651732784640729,2.1569626549987553,0.4798198197165515,0
-3.9336061690196518,3.3882791043337233,-5.185699987067764,-1.7781458509033259,-0.623711057122172,3
-2.63029498081836,0.12730837021274555,-0.7447323942515103,2.647188761859945,3.4940574888644695,0
2.739445151214759,0.5062421320760258,-1.4801127194174342,-0.7560333571503568,1.0196565160000979,1
-2.195090849166455,-1.474686596352634,-0.11961537911073039,-1.9654173684707579,0.7437136122936567,2
-0.5522703502041815,-0.6895051717501308,0.3208345318415756,0.1823323705242298,-1.2311863318826055,2
-1.3977398671670966,-1.9201677716556325,1.9108576227085259,1.076963848872106,-1.950492719727432,4
-0.6374681545637406,2.7591297255278615,0.16796140180682384,2.0345013708696325,-0.013030324845195729,1
0.8028880185257325,-0.3355069840323417,0.9344311750009087,-0.7570701155221473,2.799313016579078,3
-1.5663127376504955,0.8971800864883077,1.1548117846369728,-0.0265178159509718,1.4966648469877124,2
-0.6956726308148612,-3.524954509298967,0.4732663767550054,1.910308250228347,-0.637435913994103,3
0.19180310326403982,0.7381560773107051,-0.8356248674799766,1.5796300427080543,1.2905120168150188,1
-0.05250174547845887,2.565836792229118,2.474700345497791,-2.3347808538913988,3.284405536734532,1
-1.1519573903077978,-4.930484279036973,2.009750395455307,-1.5020926004623774,-0.08584213538005003,4
0.5448164164326832,1.683482856866525,0.12640207504966983,1.466723899916289,-0.11890252950691305,0
1.6198991025476837,0.20071094311006432,-0.7970937033210361,0.6760760248090429,0.239736757684321,1
-1.262056276647121,-0.8318441044908219,0.3440158084148017,-0.17481915596904563,0.4256111130688215,2
-0.6661974160000097,1.8433924947982452,-0.3318343889203601,4.043040181442768,-0.03917119702516958,1
-1.1988278611245862,-0.8928153985080315,-1.423472294431916,-2.2436270369006226,-0.9724220278838451,4
1.2154717549576122,1.5189748658404645,1.572757999185296,-1.5060279455194776,0.35026226989871045,1
0.05267852687810293,-0.20777551572863562,0.05204725156525991,-0.5418899536897179,0.8793424218443784,0
-0.7531229984410758,-0.942582821815117,1.5435486658295603,-0.8917446720953378,1.9157054491436205,2
1.481514625608198,0.4377689229397871,1.9036369954969574,-1.8225679884833674,1.6068798400075612,1
-1.139044589861256,1.4071024573896898,4.374486367079777,-2.852338398114026,0.5275330431954695,1
-1.5171134252154,4.493121549153288,0.9824088981528653,-1.2535837870522135,5.608411850136866,0
-0.04078031364688772,0.19423415588874193,-0.6396537633248631,-2.150718016886363,2.620279795878951,3
-0.7716881706240826,-2.2645974757965073,2.5514271486164377,-0.6499227177170288,4.1823407067978415,2
-2.250422711232033,3.358014229640794,-3.4500846963021443,0.4455378239307075,0.1756458154775229,4
-2.558459393443094,-1.5495781033034093,0.6434894068958428,4.303785105138068,1.6601505392010885,2
-1.187306323118877,-1.1415934006023276,0.8840352978549435,0.8655530716014953,-0.6445423153484273,3
-1.030479778062522,-0.5576556850388433,-1.4618518390844044,-0.5946545222163402,-0.5019156283136994,4
-2.1786034373545036,1.7796184908743444,-2.2074328049761878,-1.4020919163849594,-0.23108733980175167,3
-2.747271643178631,0.16621933085916474,0.4294077986802055,0.26175690425446374,1.0522590339453988,0
-1.0384941746127863,1.697528902175395,0.3014367211066823,0.5418399999223584,1.0489576137113887,0
-1.6200310175405321,-0.0489685145610983,-0.8277265115747051,0.7982552338093838,1.4682364688496987,4
-3.6593926967383106,0.7844964343771654,0.9206002444405452,-0.7975734393163274,2.864678909845641,0
-0.9995904176539908,-1.4703154720687626,-2.1748960572000593,0.8187131584261813,0.2045803453263646,0
-0.17741635483593,-1.3057002922576104,-1.0029382131317606,-1.6639330036007396,-2.4383211660503097,4
-2.3628658985236424,-2.19997700264037,-0.20564469923155382,0.17731949323898433,0.46476931250613096,4
-1.3973376959946235,-1.310516580984314,-0.9060864949565529,1.2209391691904412,0.21321601929169043,0
0.4637538282017093,1.2643447075213912,-2.6178483836954243,-1.953397002627766,-1.5452050663533279,4
-0.591474626206534,-0.5009105931435394,-0.5638268920046752,0.5472382579813506,0.6916941036412708,0
-0.8185351763281625,1.1254396911320093,-2.366531604069902,-2.8969938501918913,1.7937464324398427,3
-0.3112131985431391,-1.7941045456329996,-0.4802095493771279,0.6891158205410792,-0.10956789438158598,3
-0.7222800470842736,-0.5118776865111564,0.8795177484007755,-0.6525371564129083,1.4763785104677203,2
-1.8801712595092912,-1.4505191206207453,1.2985423783112584,0.8749381397742245,-0.4995498111688008,3
0.934710218666212,-0.3208258793521296,0.8662898389406047,0.07968434177479289,0.3164586165128861,2
-0.21818206736533097,-0.5859646814710691,0.1670464275186878,1.7415680313944546,-0.7996430389289475,0
-1.038574417570605,-0.9178308304460955,-0.2439693341203103,-1.7397850285927496,0.11936993091616932,4
-0.38062096102059984,-1.0632045186535168,2.526326148446621,-0.19511201100156816,2.6295621622087917,2
-0.6990812420930939,-0.48522969876738586,0.19211964392915903,-1.915840189005451,-0.7217135048712391,2
-0.29138136340994336,2.7365892721173055,0.7868978320000704,2.74457688003808,-0.9625498451899674,1
-1.7087021957557393,0.10032408559583539,-0.625846637323529,-0.25388407838671123,1.7765882127023405,2
0.05577549729106135,-0.8967550095253158,1.5884657371371964,-1.967958692942617,2.4869553712962773,3
-0.17407850937338154,-0.2928383524775311,0.7628044477337328,0.8399721910834436,1.2264288670884858,0
0.2705722262987531,-0.7720618417637236,-0.8996547523215814,-1.4837810969877159,1.4264607374093168,4
0.4740524440216052,1.2771574297240735,-0.5630529588426625,3.4449256779680777,-0.5626509072481685,1
-0.02030266253712043,-0.8434621630057563,2.2033163541734364,0.17042510499460573,1.570396617961486,2
0.07055445208877487,1.2734068014531306,-1.1360030351883998,0.9694443711789493,0.10845557929804228,4
-0.5962700746562796,-2.3497283118478407,-0.5322784007331327,-0.9804731570888985,-1.6628731275015216,4
-1.2714390500303745,2.3121053157473037,-1.8442668637005624,0.438143449218491,-0.5920103634616689,3
-0.3902549566031399,0.43749990509201686,-0.360501071680299,-0.7877630986350708,1.5270309256145547,3
-1.3759688911259382,-3.2609868258825467,-1.2935859900911373,-2.0323319957199537,4.378300333470804,4
-0.47292315515952543,-2.031648301305677,-0.8280837473046884,1.421287159652231,0.17601500083316424,0
0.7217577153223758,0.3393849073822297,0.5571074246783199,-0.21048617156793914,0.5730229508979547,0
1.2432070203230523,0.59312156320493,-1.6036741377032362,0.14527918330870382,1.60714370612792,1
-1.1380331805327306,-0.005068549072067441,-0.9049260067553478,0.0743610880094896,0.47999210162864325,4
0.7554228369783071,1.0201822071058309,0.38968282818029687,-0.1266567325154101,1.9739196677394364,4
0.3853338694760773,0.3114692405422811,-0.7351812015896071,0.7813478420322841,1.7111207627689184,1
0.947550473078294,-1.8577591836683314,2.447550161696019,-1.818993815931447,3.194004175809516,3
-1.6263632515387219,-0.19037011811561544,-1.4359816322469032,-0.5697139074818425,-1.4496307707635834,4
-2.4170873519292324,-3.380247275968664,1.4268594756074582,2.0447162451374417,2.4792150020036376,2
-1.1778978439725527,0.21876964989829917,-0.6887440535011059,-2.1194973581562566,-0.8558383992880862,4
-1.2556350527253202,0.8777237740313384,-1.164402685850682,-1.7263204844151239,1.0138518551324391,3
-1.9399899319604383,-0.21781803722906834,-0.12594443153454038,0.24770117342043652,-2.5177501331454266,3
-2.2819303081103466,-0.32514970744740135,-1.1985159577172058,0.1546350786707711,0.19822192135218253,4
-1.6211704421650486,-0.1948015531405375,1.752057618221599,-1.2845213817811674,1.4341904537447079,2
-1.4385541407089142,0.22411760745619413,1.2267527384534271,2.6957554953260887,-0.8752724079366473,3
-0.956884876816284,2.412499208515927,-1.3361909507443437,0.6777376854354353,-2.169105850521798,4
2.6600507786878747,1.5676567964130848,-0.7601977293508368,-0.09774161526675584,0.139987354712086,1
-1.8961158075170226,2.0934151049048295,-0.3849557161313585,1.3050853098166697,0.5985332686550165,1
-1.1550887717938356,0.6273534448612199,-2.326587330637638,-0.2538842575537601,-0.8218112947845297,4
-0.7740603736846818,-0.03432228691260342,0.11618825071563577,-1.3301612533690936,2.209210936721016,3
-1.3314697167522076,-1.6185735128490302,-0.8002300579909405,-1.5415771216748355,1.5405681715175337,4
0.4568364229638443,1.5737800024400888,-0.7411726313127589,0.6718497149571032,0.06821953005261627,1
-2.1795908889012567,-0.2354174775757658,-1.1244231743437714,-0.10932810917110292,0.4070317734916924,4
-2.687427274121876,-2.9975252470926046,0.6724827435998622,-2.4921667226968056,0.13678465282037433,2
2.427676857795534,0.9734054802423835,-0.8682231934894731,-0.3116722278090438,0.4541691274356422,1
-1.9953770045604147,-0.44625158768274964,-0.8822259568227024,-0.7884818136823478,0.6092522268650291,2
-0.13034501990890712,-0.07779885482148963,1.2358500258347798,0.6069944441478341,1.1176948752853268,0
0.9586435836183163,-0.06854335901388531,-1.8254807974672946,1.2043233986290307,1.1420103262840695,1
-0.8381712764176026,-0.6787786790395809,-1.1458837956266648,-1.258044916698781,-1.0925093048740753,4
-1.8748268204162515,2.007991746014919,-1.7983323404762168,-1.2425400682200045,-1.0133721202740662,4
0.16415862612195387,-1.9205523052429867,0.5985065823736567,1.4864823552088475,-0.08353622581784426,2
-0.562260910830545,-3.447955690138358,-1.4968118694441979,0.5488271424073401,0.2603568972949115,0
2.3979896411570243,0.8320616808757553,2.9667073632044776,-3.5850101067857802,2.5954142476889004,1
-1.55987177245875,2.4373461803381913,-3.3621330970510455,0.3610541661648099,-0.41961235156744014,4
-0.29828597651511435,-3.370569975296641,3.3730259996199274,3.0193207458259868,-0.4457715871515229,3
5.113383782855699,0.4709712111560338,-2.1673697332411423,-0.8169677727891889,1.9370284199292294,1
0.7007435782628573,0.7735318033344898,-0.26744169279205987,0.3202441488137857,1.0446468708949381,4
-2.4028212943505856,-1.9838388517389043,-4.0466977525598775,1.8636810000118504,1.0873389221845322,0
-1.2325534972072714,-0.03783887820016929,-1.2804897657990526,-0.8953690908981403,0.06299112129986129,4
-0.8604025184832498,0.07216808007107711,0.2800651905780217,1.4677671783832316,-0.5261269925036474,0
-1.531249886480969,1.6422632636559795,-3.60540114652717,0.8108946241714654,-1.3266439530623324,4
-1.5358713789735958,3.686216082797946,1.6412976314518954,-0.942601033444707,5.241803196764483,0
-0.45035351227680476,-0.8691869901220677,-1.721550213868929,-2.545237003689661,1.602485932587577,4
-0.9076508887804168,0.09385054605436616,-0.7914026558883338,0.9735082120428168,0.20520195073572722,3
-1.67776219658756,0.7678945350491702,-0.6700281127834089,1.4399054791657433,-0.8300898318705004,3
1.424989257526623,2.1657127678595094,-1.5502965474245771,2.2385472839404397,-2.0430950695939503,1
-1.64245926035716,-0.9764163522550029,2.7050163399014995,2.5898514516002225,-0.07647631792806697,3
-3.6419837518451774,-1.6432685194577568,-2.6276196476905502,2.9302984705725152,1.404441774080286,0
-1.724603362280099,-1.9484073880589456,-0.7327322436611747,0.10476033385349037,1.5890252314620805,4
-1.3563427423009673,1.3078353098760886,-0.2093957143880445,-0.4186058316118917,2.630199068635397,0
-1.150520141201518,0.7667759339729454,-0.589824427088233,-1.1578137145575702,0.4347099435216899,3
-2.549498706692665,2.2152533852074106,0.31776200932887166,-0.684950437441928,2.523662100536388,0
-2.186298541763213,1.8618183332825264,-1.859090493548928,-1.0293265162085918,-1.2803474508686192,4
0.875921425894044,-0.23473216525865048,-1.2959625135723836,1.7271925536361468,1.3030812144708883,1
-1.1527084090738262,-0.25613883130756976,0.44475583418362274,1.9483353027487322,0.2358538928465843,2
-0.2809251597929818,-0.2852135661463753,0.7052539355496481,-1.8916622868923678,1.7872568566091904,3
1.5706258284743477,1.6570798650721652,-0.5893698475195238,-0.8135720926139132,-0.02682278112804215,1
0.33462935879039546,1.375206668525697,1.2210817713940472,1.61609291905009,0.31978672460305446,0
-0.7389361402375718,0.0071313834551753885,0.3497848481484348,-0.5697428742958214,4.8860621029052895,1
1.2394062733355247,2.052123317151483,0.6501879962475656,0.3317131039339545,1.0988418250513512,4
-0.2915636369619069,2.563103332110278,-0.22417001003359682,0.859461825912838,-1.510974125581888,2
-1.6338843018470954,0.04722410218318962,0.08867124598132403,2.9530204829442113,0.04441119823587936,2
-1.5657552220095843,-2.144186327634353,-1.239337173916291,-1.6240350050614611,1.2906873287761496,4
-0.32830844591253006,0.4677143573394229,0.272786753447695,0.16177992007804054,0.45581986521930973,2
0.9498620719503278,1.6199711047628824,-1.328880502556777,1.1854472709673847,1.1346408276567865,0
-0.9526134635785809,-0.28448093798273855,-1.9769510583391083,-0.41379597634369236,-1.3681501484509233,4
-0.7376404774464893,0.31748127994314124,1.311593767004679,1.753862817129373,-0.27877796487481765,0
-1.6927652025149005,2.316571697700517,-2.9670713749643003,-1.9332795080977445,0.4038790709873318,3
2.2924139389789477,2.3661670686141054,-0.1029811419789246,-0.6653993050232724,1.3651517592441902,1
-0.6811641003330493,-0.7698264362588962,-0.9372865129625985,0.7049979371477548,1.4584158355884291,0
-1.590071658931729,-0.4346244879316141,0.8967209951356756,2.1940196462991293,1.2745938169227404,2
0.17093006578987047,0.5117655527481844,1.6925166818395139,-1.3427228611508466,0.5714847369433738,1
-1.6466789166736029,1.7250558626653072,-1.722310301997835,-0.25508955835946234,0.19078392537147726,3
-0.9129627451297953,-0.35788423540492187,0.3009641474112702,-1.0125582546711136,0.818945327735042,2
2.912611691593235,2.567699520420991,2.0779901704826655,-3.504467050325773,1.498164509940957,1
-2.444414272907057,-3.0808408111547623,-2.29926839948857,2.2505915085989354,0.49672083632207176,0
-0.775692642748985,-1.4658008458880563,-0.31059013547525127,-2.0036504265504886,-1.609835442334919,4
-1.3941900083560717,0.4762505005285962,-0.24657930168323539,-0.4297705134461681,-0.4227038438349573,3
-2.1710348070933874,-0.9492586535366112,-1.0795525192821862,-1.854263192358347,-0.6517311147746199,2
-0.2099742707943626,-1.6678852749380613,0.7402039686663152,0.5969903514630279,0.33939174808249717,2
-0.8729613999311872,-1.0441417953594039,-1.3072913656781044,-0.6820690574539396,-1.6295580345001746,4
-1.6149848332488541,-2.226831724789412,-0.17876815235952648,-0.5350572489165818,-0.10438545966902202,4
-1.2427913882815083,-2.6099671451280475,-2.8007090235779435,0.1391309561333075,-0.7029710102002991,3
1.5544993192808683,-1.7509863279653919,-1.1550707791895167,1.4462676056696058,-0.4663041918058237,1
-1.8184533183104703,-0.7425562116273432,0.05941806850626441,-0.9871476788657709,2.153821813757782,2
0.35022223432843624,-1.5237466867429208,-0.9361121686205689,0.16143986925682152,0.252763707424167,0
-2.123258767995631,-3.4867209751707007,-1.7634057184445133,-2.3954819329458754,0.7532648791097053,4
-0.38808105939650694,3.670451819100538,1.7741676114670435,0.44197448707874076,4.537229059006071,0
-1.3828575547551754,1.7065879715713317,-1.9667461385720775,-1.4326255241826402,-0.7862420188710846,4
-1.6806825255204547,0.9219057812487277,-0.37466200928342397,1.4584281763437739,-1.3112993069936714,4
-0.8615223093994785,-1.5549776119660081,2.4873420231031984,2.271803723645659,-0.7534213573017272,3
-1.0503889858917148,-0.3387952894560977,1.269762578779595,1.7330993817183513,-0.18591224623369085,0
1.4656683047780112,0.9883182744611603,0.21336231325235633,-1.9012657990179247,2.723922531100707,1
-0.6208495554982747,-1.063002430049793,1.29219013122071,-1.922862627193854,0.40240635903332433,2
-1.5451481973703252,0.5892600820793275,1.0784085241602932,0.8573976963774403,0.9195320648814325,0
-0.15671806696938617,-0.525412548062017,-1.8374714218735515,-1.8049221101841337,0.16632841625941153,4
0.9513014766384835,-1.0183899454821255,-0.04500631090317375,1.5435808876939876,-1.2499168971790549,2
-1.7392421437392938,-0.06994585309464274,-0.7975286452129258,0.26406018587423863,-2.0009776019072647,3
-2.1233050811850456,-0.8032696387525556,-0.6370175359953574,-0.08864809436237531,0.8404376734429572,2
0.43627642539746925,-0.2277136192239133,-0.6079502913553805,2.3013597256050478,2.1192898370740436,1
-0.9030377063160914,1.2061264245467775,0.3075308663556904,0.5537390928321761,1.4774130162456236,0
0.5421431473644438,1.3192154433611347,2.93754998074458,-2.540547858556658,-0.14260341605193005,1
-1.0950041437730353,-2.1576716276401973,-0.28494861378182834,-0.8489325525687891,-0.9937875716484196,4
1.4591223084328098,4.407612045913073,1.0287626566519794,-1.069326922352544,0.6356488059291616,1
-1.8098485332491832,1.5667514390216626,0.13323574472265087,0.04784099207160608,0.8766357124903854,0
-1.8409042506527191,-1.8337356036047443,1.3352236109410744,-2.154495548876741,2.6359875893596296,2
1.5789861170178932,0.4784350137787171,-1.114775787400907,-0.45881559174130326,0.08403068404246827,1
-0.7423116950268864,0.5841692798115543,-1.3889116036876654,-0.7431994096117023,-0.8506754407931945,4
-0.6921349002106312,1.5667015992594835,-0.0679272399062053,3.120685857872778,1.0419349200941381,1
-1.8693035701196625,-0.06683341609970117,-1.7059762293102354,-1.6090886467626926,-0.7585145937672291,2
0.6756360826217342,2.9308012482797565,3.826304809763325,-3.3365122891753933,-0.4215402233633416,1
0.16298646197371736,1.2472716946781932,-0.6193513523065255,-0.32408035903356425,0.5984839311293413,4
-0.06958773040786359,2.6022447305030383,0.28192627108332813,0.012022749519371212,-1.0356827912795965,2
-1.1915490774136077,-1.8722568536574873,1.6281356681608905,0.7838353100353659,2.400478037091595,2
-2.1150857245159784,-1.7516822437595436,1.2153423425765084,2.0294383975645482,2.0326561987961225,2
1.616904390760458,1.8487252996787105,-0.03959747012290449,-0.8092578304914966,0.5644292986728426,1
-0.7558959391604229,-0.5648792288893372,-1.3401211089949543,-1.57981045444698,0.27552589830052665,4
0.21601675293061007,0.3761833098747376,-0.23071650815207612,-1.1883509873124594,2.5423867537275004,3
-2.0321272471750667,-1.7019971739266775,-0.8644160051110035,2.1610701025623964,-1.5003867117452172,3
1.3148694443516575,-0.2716213177152965,-0.20271300678323279,1.2437637367504735,-1.862967983691164,2
2.4121347433702214,0.7292489023371508,-0.20069740485105636,-0.7458077141611543,0.9772964595001449,1
-2.2095462310982255,-1.4949636987118968,0.7463569693925048,2.6816002159265278,1.2321748195018936,2
-0.2566350348106402,1.0313277105247003,-0.329500661106791,0.061509019233762174,0.8317956423248026,3
-2.235666552795251,1.0658279633802807,0.7151073004019334,0.27838450759511846,0.7312485208153647,0
0.9114703795766592,-1.2227383767483153,3.641473287667851,-0.5127311700909223,1.1680870970120523,2
-1.5319357186966718,-0.866953623410249,0.7865860896897897,-1.4121721105956107,2.9262147697984675,2
-2.1062801331408108,-2.802394873084774,0.20916933328604148,-4.662604778599677,-2.4323628557204877,2
-0.7215532167691621,-2.3897140479487375,-0.14601361317135264,-1.5213665996847094,-1.1986087939187935,4
-1.4855314110362046,-2.8484467921465066,0.33467335044375357,1.1448543815905607,-1.139923211296095,3
-1.1937315081639497,0.13815686247621328,-1.5851902258456687,-0.9737634785733499,-0.9262958409818851,4
-1.8911734839842782,-0.5308420621935501,-0.799483502850092,0.5644490044202979,-1.1300000137909476,3
-0.8632553247761849,-2.1121801864042062,1.4461205692259969,-2.816816091438965,-1.1159937285935517,2
1.0980241231494303,-1.3123128520270448,1.2143383094809335,-0.24100660053899692,0.25920246620287246,1
-2.174843534636705,-3.770456630599602,-4.04512630731681,3.036220306712857,-3.006584600046838,0
-1.8786957385306673,-2.7406677296420776,-1.874796306927152,2.4488988910079224,1.1436979592598653,0
-1.6718985064271656,-1.499271698434883,0.6402412483543226,-2.2596084736739526,1.048073088773538,2
-1.4817193015533021,-0.17083808839141557,1.3383319027195184,2.0664707572967878,-1.0587236089780867,3
2.1661092583317356,0.9789163148445799,0.4313529655807805,-1.5329283644970406,1.248260084503463,1
-1.6232120473334346,-1.079640655806042,3.299061901400314,0.3124256590376485,-1.6202726459773023,3
-1.4728782334293067,0.7824555818469909,-0.7945418877745724,1.045739899769972,-0.7856000758859327,4
-0.7374951485113748,-0.954048393481373,0.48932732243997545,1.1499081561121227,-1.104289838878713,3
-0.25332999871540773,-0.8042595533142838,-1.8882373798748582,-0.09389729625003396,0.9145168977848235,0
-1.7076092000890055,-0.8841526946776737,0.8384995817041221,1.2943355279567728,0.7072456746819282,2
-2.660669178618024,-1.2426781977972494,0.3989245331035213,0.7420519469262048,0.30072629233281967,0
3.8709361037324546,-0.9223853466752905,-2.164678500313508,0.5484646721865558,-0.9278064444179019,1
1.2487734759911695,-0.014205436665897908,-1.2250198227086635,-0.1484150003159066,0.9771170307204196,1
-2.205608181698763,-1.604088098335056,-0.7005593196661782,2.8345745653672476,1.73225782331097,0
2.9535173886920605,0.4602818722715091,-1.5351052849127025,-1.1703249158228908,2.199856627272311,1
-1.009671318623386,-2.1427857092139457,-3.034528566893528,1.6109235930704076,-1.037585627378634,0
-0.20369796463790912,-0.38295614240719966,-1.9809055547514784,1.3118367623917184,2.0587354432623064,1
-2.468759831906997,-0.755863240006609,-1.550725727209607,0.3746799863492136,0.09564781750319418,4
-2.9404616194949895,0.22354079069941768,0.7282828100882328,0.1870211369421665,0.7657568645901062,0
-2.542809175763838,2.021654675503078,0.6106525725564607,2.106085728605721,-0.1784919101179685,1
-0.48130748254138433,-0.10535958736923445,0.8047502268439183,-0.20312791366015936,0.13598453647854813,2
-2.290602238023994,-1.1602146674334635,-0.959013663205251,-2.601422451611584,-0.49814463076624604,2
-2.752974148653876,0.3583790688490349,-1.97342203094113,2.092624220436819,2.5730624114744645,0
-0.781390238959356,1.0974017952436166,1.2541949599855913,0.997265884774769,1.3772851668756072,0
-1.937912048153248,-2.3945405193125624,1.4991764575105258,-0.5742649796417718,1.6520167979029747,2
-1.900142017426505,2.030921147577316,-3.0051076598238606,-2.3203990734334448,0.5579713750781581,3
-0.2592243758024194,-0.8516262987209284,1.1758170116651532,0.536252714562556,1.2749458397801985,2
-1.335071896146728,1.4249608313131832,0.4107050489785018,0.47317965693505126,1.4907117687483895,0
2.856170744292171,-1.2099852275301934,-1.5987123639456398,-1.6256348256812174,2.1131789195136044,1
-0.05327168875639132,-1.0890989642695272,1.5524773221647545,-1.5215022241192444,2.4492002113606923,3
-1.3381794544124255,-1.0853388166274143,1.375442871149305,-0.37175231166584755,3.0255202987341883,2
-0.3603003437065251,-2.7984637187811643,2.496840098872659,0.05590576838964212,4.154408933456116,2
-1.5481279173432403,1.303772086384005,-1.6641438413885843,-1.1853375363320207,0.6351217982552035,3
-0.6373165698309767,0.6599583828029485,-2.5002323135529876,-0.8788083697462274,-2.3718868690578576,4
-1.1725819888570035,2.64352395343037,1.7640681093034782,0.16063568660779692,3.250192022426332,0
-1.6065970265969511,-2.53901318612393,-3.6969036138826157,1.2007349358984318,1.902102439694141,0
-1.900837135198968,-1.1450569626730354,-0.1658473065588566,-2.107096405365946,0.6325013729176778,2
0.22163341431718697,-0.7691188024800918,1.842946596346291,-1.6835811044770592,-0.11337707254165208,2
-0.7262381046830588,-3.4910304172174738,-0.5925191871146327,-2.679782881801696,4.0252393664001715,4
1.0525225587399465,-1.4199470290906748,-1.5656286881633055,-2.0154226899905057,-2.469125677379861,4
2.177020106939583,2.0952628477562882,-1.3768721057103277,0.9266318944075939,0.9894459496652105,1
0.5167173960267899,2.2959958773315665,0.723260200221526,1.1222982870765583,1.7983839818718945,0
-2.0461677372240388,-0.4807665541998247,1.4306642759588013,0.8056868312078901,2.438498788543053,2
-1.103903662401663,-5.379692324455488,2.7401412872344166,-0.7444837122906556,-2.396398976847424,3
1.3392230185565663,1.3064837151455349,0.8724799357119117,-0.31568696881379377,-1.2776590233522933,1
-0.4996217909839963,-0.6638673519209608,1.6028773452965797,0.3579512119015489,-1.7890113786476833,3
0.2470459848245512,0.14616553146029898,-0.8379946472305343,0.3856951774179045,0.31056954402280823,1
1.2051375473954784,1.6008243730616463,-0.502122650060653,-0.6725930432778782,0.2002845953650253,4
-2.1295520894764963,-0.5950898465234228,0.9084727814519216,0.268432537501188,0.11379799021456305,2
0.6711935243457319,-0.86861490081512,-1.6244422285568414,1.2253494061580152,1.380405903193361,2
0.20392406028111965,0.1429855101885381,0.774696399740582,-0.32680575477955875,0.9710443728173153,3
-0.5417277587305078,-1.8172276372534415,1.1974477121538916,1.4270247482645744,-1.3025148894917706,3
-2.7590284618185033,-1.626079037614058,-1.4605211529431867,-0.07487884280935364,1.1530658127433377,4
-2.655738416853416,-2.416596216921697,-0.56313559652092,-0.7564114872882579,2.146552067565555,4
-2.31750341300539,-0.8702756966248925,1.4368443040981012,0.4501425085473354,1.3573526577370263,2
-1.9946206764415955,-0.573603396292216,0.9764408449316203,-0.14187207159690685,-1.4283584525613513,3
-0.39169966298507175,-0.1237236064366748,0.25425215547273683,0.4522077586967582,2.6879610821603803,0
-0.8066691551059786,-1.532448671120866,1.695639436871846,-1.3715634169324586,0.7672634769763784,2
-0.21566774145962397,-4.604370707515386,0.8353698105089158,-1.533182143387902,-1.4372993483240442,4
-0.4597376999411872,1.3428011819484613,-2.4164885619214576,-1.6988421947385803,-2.371296660611069,4
1.7851770151171413,3.3607921235356653,-1.1540044900834432,-0.6467368475184967,-1.1670055972979902,4
-1.7441046055304974,-2.643024234348373,-1.5679832131341485,0.6784251901694589,-1.810737438112477,3
-1.910122322418286,-1.1767861485923483,-2.4236586651009704,0.9898469866571878,0.5670149193537092,0
-2.2718666387497075,-2.4453779160585043,0.8135810524446234,-2.9581838125431936,1.0668963530432352,2
-0.4295448008223922,-0.9248363246244615,2.1822052209173246,0.13940541106931126,-1.9935674853558898,3
0.6885961103819671,0.515105081538964,0.20630594273401093,-0.5092865459229114,-1.2459427312424856,2
-2.0345159915959936,0.5651736616287708,0.9406391137375297,-0.10928938042863501,-1.93227230196693,3
-1.4695036865495474,-1.0606040380044075,0.6254202290679409,-0.7613086335061034,1.7757605446051434,2
1.6470868989454517,2.747204077017209,0.7535423018662109,-0.7489725938480039,-0.4108232394080338,1
1.4975372376549654,0.43667889629569534,-0.08199326984209865,-1.3939627980221458,3.3299283555351935,1
-0.34849089900188557,-0.5763059396456494,-1.668735158746057,0.5407705581537199,1.0833142081664247,0
-0.39387338477890776,3.044738156017705,1.3877869473132731,0.5378166019967985,2.544671969427023,0
-0.49180754529914883,-0.40668668703801314,-0.7477434609443929,-1.1715769283595532,0.739371311764178,4
2.5919037756352425,-2.699836912162176,-1.5196161430221382,1.184824615220324,-1.9757548389158317,1
-0.2873844158125074,-2.017821590966454,1.624405519198766,-3.033530490510372,-2.6600199208734088,2
0.46822210907645356,-0.043307320968188345,2.072263584083813,1.4239078677579284,1.7953172742836885,2
-0.631491761159953,-1.7193558832785762,1.154029294689244,-0.09034983972376298,0.13033635036147528,2
-1.1510877593357314,0.11720154070935729,-0.8624531192560693,-2.91717226154287,1.7218605116506545,3
-0.7727258826288456,-2.1595879078474383,-0.7749348166756573,-0.7149752269078787,-1.9851368061131942,4
1.7163036290998912,2.2174915599432965,-0.5798946299221481,3.8180890996306505,-0.45000951206088,1
-0.49098777441805863,-0.3026164665496378,2.034136292149007,-1.0765590033851655,0.9468321363247235,1
-0.38731761212710347,0.20931011693039192,-1.2528945270017706,3.183411864777288,-3.4466911338506376,2
-4.230527521907787,-1.0794123827044628,-2.942805976943589,3.308945138391068,0.9834414075804306,0
2.378741296620182,1.2544837219443261,-1.5326523610791947,0.34081076540574484,-0.6786818086534372,1
-0.6139258521707507,-3.356694783095443,-0.6797704478147802,-3.226954591196769,3.322487384893499,4
-0.1645069430399091,0.05954837139139557,0.5481238593058415,1.880838649176723,0.7749622653070395,2
-3.5641815673963446,3.523080114194835,-4.085706762178905,0.3371770891516537,-2.5531757970479876,3
-0.073640037645333,1.3042055561364843,0.24253542838897368,0.30151167294089976,1.5919835528352053,1
-2.724319932347554,2.6286569119472913,-3.7177092200741253,-1.6204320811401898,-0.5256977406673999,3
-2.6478392140673686,-0.8714168274114278,-0.7941307492721855,2.8162449314729936,1.3925419947103774,0
-0.4121809976903342,-0.09511653841381573,-0.48952158379979605,-2.6721974141964226,2.4405661044552573,3
-2.396226147477728,-3.1210714265494115,-4.333287098149134,2.1960470100666702,-0.3372225286252575,0
-0.060539494729957566,0.3446953958079526,-0.9933281352730492,-0.6439505911525161,1.543635122565644,4
-1.1203231895021752,0.5546654791959841,1.074510805066391,1.040816756264046,1.8290639360795378,0
-1.0186557662619222,-0.23455259599406553,1.326690518347111,2.8880535106949434,0.600864460958286,3
0.2694179999445423,-1.924246002243152,-1.0088016049938116,-3.3064898406926035,3.180788953015431,4
-2.7127911007774377,-3.5274023480194314,-1.9697382564743156,-2.6670026890806646,1.4931642871445439,4
0.8465927156261186,-2.207330026250423,-1.6798908449819114,-0.7093163739161135,-0.6779825427030832,0
-0.33532129152497414,-1.7432176809210045,1.1781269570588901,-3.808752768757301,-0.8387728019111622,4
-2.561398853560174,-0.8011591236622062,-0.47510970972005684,-0.22186499826982187,0.5410197588402865,4
0.2613667182955428,0.17522392495617667,0.31278319039994495,-0.4961534923337234,1.9845472871335685,0
0.038943978361792864,-1.7069988481835952,1.996176411809283,-1.2218883895925212,2.6388112941053388,2
-1.1161816010241854,-1.8256706414570851,-1.885878000070156,0.3724300553783214,-0.9416405096811222,0
-3.5101089169961144,3.6821858920419284,-4.536824602311581,-0.33188031136929785,-0.9635255117134205,3
-0.1555030523289127,2.149783391483318,4.200040363878712,-3.755267981003774,0.26994018742681036,1
-1.9786579455174949,-0.42047242121688755,-0.15819143526271362,-0.7442468113357805,2.2454752168102106,2
-0.9909833002855276,-0.29070165157909666,0.34513230457094135,1.4905575889623564,-0.2828643199768537,2
1.4833985306437762,1.5036339401392476,2.2592296696627483,-2.0334089870499725,-0.09560710553600504,1
0.002156954871382455,-1.8901537149499372,-2.762611419030586,-0.2774501819682762,0.06915785493732463,0
-1.2623414301075675,1.8856082659981137,0.9439401943838148,0.7441663125897403,2.1779587929318844,0
1.1704269260359819,1.0340650775371762,-0.40725969431771225,0.26526292596536316,1.9234233497513535,1
-0.5480080994093715,-1.7793766030079423,-0.33361982346316443,-0.6360586142856532,-0.8236035071939292,3
-1.3717826319482112,2.513609965341095,-2.757314614841299,-0.5936169061513614,0.374868655617032,3
-0.5163583326946022,-2.2494130277639073,1.2328031215836908,3.0773168545163623,-2.763275301841135,0
-0.6976293285534517,-2.555856282302951,-1.3279187346862917,-2.4336930685933202,3.0393016317387804,4
-1.6713160373599396,-1.5266249852071332,0.30921352972948823,2.8524428266171906,0.5914639348673119,3
-3.468959495445009,-0.6200637823147954,-1.5987169147120657,0.4205375451803153,-0.6434099969391354,4
1.962321731831305,0.7277403608409705,-1.1908067954417954,0.3755085627434287,1.4455096170066535,1
-2.1230018567673206,-2.58832179016226,0.641622197159005,-0.9313172729065199,0.03609069003281573,4
3.386799695831274,0.2823998327112406,-2.5972717689450864,-1.9801985287325725,3.0153586527430525,1
-2.171208642643231,-4.052285221307423,-0.9622585625802256,-2.5262794761836087,3.86662557239136,4
-0.020411584547114336,-0.7140029677153779,-0.3896060267100945,-0.294199008114605,1.1105568251054347,4
-1.9664992233421743,-0.4895140730077798,-0.5299929692246996,-0.4041929391251847,1.3187570229210035,2
-1.5160468335800021,0.48840199342578905,0.7042997856834431,1.8103512265207198,1.0713039650992475,2
-2.5426275906756537,2.6535321629646265,-3.6009254072331607,-1.1661193444402493,0.06220405159183573,3
3.155501394841122,1.6283508156589046,1.843866706965567,-2.1945600641824994,-0.19456639380797847,1
-0.5743067998035599,-1.5766693000086498,-0.520440878894,0.6484430955781084,0.43180382375311577,0
-0.5195142700344988,-2.020093949075439,2.239437960202787,-1.9893590229490217,-0.1406352173603349,2
-2.7696703551131794,0.813524552751453,-0.4624160116690835,-0.1426971936868412,-1.2760269703466491,3
-2.4888014793556703,-0.29103589523253814,0.358388043378969,3.4330150052436945,1.507527486413018,0
-1.3028976509514587,1.9161654253697153,-0.4277264649101503,2.0431255309321843,1.0763899211452574,1
-0.6609646855291798,-0.4938418840781944,-0.6553206780560858,-2.1364213995386843,-1.1644754627888787,4
-1.4685323777455832,0.8928343506326065,-0.9898706141128,-1.121459294496475,0.4845698005960337,3
-3.687594541514074,-1.551796925145167,-0.991268716730195,0.7447975347954132,0.176639937764285,4
1.5800953940780724,2.3318403208302874,-1.3998770774310965,1.652632257829361,0.5562765558238234,1
0.6472266683727275,0.9921072295991916,0.2873745194781362,-1.066916501103329,3.121304543553514,1
-1.7062367274700245,-1.0302427282612254,-0.45203549260742026,-0.9349133166545516,-0.342208108009158,4
-0.932994391123842,-2.8892385463264274,0.05181013417966196,-1.2357421970202376,-2.085913635138538,4
-2.0248790252348914,1.0076444296564775,-1.3089379016366844,-1.4117989176288233,0.8315226218586907,3
0.577479754801892,-0.7608856044689041,0.9755395185177094,-1.560584420391779,2.735196778563026,3
-0.42633921695235455,1.8709151900802008,0.14788824391663413,0.8146465360963356,0.48660586844211695,0
-0.48523811019445584,1.6626377892515483,-2.212074414586242,-1.91000528336482,-0.8880040127491994,4
-0.6656987673514393,-2.3762218628451506,0.48092178908833905,2.492097827257761,-2.161628134482387,0
0.8201830677699387,-1.3663451404576645,-0.18351545640105615,-0.40098223865408733,-2.048333604436891,0
-0.9243072330069759,0.7007462934480293,-1.4778524448395625,0.7417905094347692,0.04960365559660129,4
-1.2182268118107442,0.2783876902496998,0.9554329080453299,1.930187996744662,2.454908181502675,0
2.380908792919138,3.6012459803840215,1.2065539583796732,-0.9944370127338971,-0.6669413960212955,1
0.2611038779866892,-1.9436554595166564,-0.6628402485475011,-2.8471209740763483,2.9828734346307666,4
-0.4317807092690783,-1.1868700379247963,-0.9350805312084882,-1.6351709972409672,-1.7034797211332877,4
0.8798842402968843,-1.2013911286300991,2.196666084449736,-1.0570937005007794,2.2602522836980503,3
-1.4220672968621395,-0.8842472702105608,-1.557630771242723,0.6959975196077339,0.13375763338668678,3
3.1872210758160557,-0.216011524743545,-2.605452087366966,0.8234286145249676,0.29960227543187246,1
-1.3524414520245476,-1.6673369093985047,-0.610432573461606,-1.5053963520662044,0.5644525293141602,4
1.2472046784576958,2.8212828023060714,1.8190791385503178,1.9241886776585997,1.639731646958878,0
-4.208710209456291,-2.5060107942142937,1.4642956029335814,2.0923969379799523,2.340580633821965,2
1.7381097505302572,0.23504326300105594,-1.9985615292688181,-0.17437386439097735,2.344328009774391,1
-0.03871906070917519,2.078864731126065,0.2518197283240644,2.3367608700526254,0.06815650792012151,1
-3.04232730737971,-2.6760729074777885,-0.9775663202042697,-1.3136428190530136,1.1950119928373448,4
0.06006075090982044,2.7025824826517586,-0.15515812567235387,0.8391085574801412,0.36226731546900326,1
-3.4578211321756274,0.8073005760049397,-1.6925908153816462,1.0325694896333015,1.153523458228079,4
-0.3142685816471701,-1.7086900852049944,-1.7702527955616352,-1.0347911604078655,1.6502587605057903,0
-1.28311810811581,-0.5406473926661494,-1.903249768642164,0.06460535065250039,-1.2384907272943746,4
-0.8074444033694562,1.6647710079961922,0.7116627911307981,0.37893954044017497,0.9936936571123997,0
-4.054659995235958,-0.9009937655562004,-1.515085085905859,3.006922980133071,1.7382004134679572,0
-0.045632384296581785,0.942501381969288,1.4208017485180897,0.9947428601215095,0.7618957840516111,0
-0.9709857032680792,0.04879935026284121,-0.7027291798451168,0.6813559769233064,-0.005120112814309241,4
-2.59600596917158,0.24950234765078938,0.7471998977020158,0.03906134408847306,0.9590515969631375,0
-1.8994783838000935,-0.6778610756297034,0.1740596987011862,-0.5209026844674058,3.1538432741393994,2
-1.5894513605010747,-1.902287797852789,0.007449482406628349,-2.6783091210822096,-1.8308117211671613,2
-2.2622327257178325,-0.8761902139157116,1.3544855443446424,1.2627057666558161,0.4520910401497604,0
-0.9183255307404743,2.7873119079140394,0.022979442417966345,4.972560478417685,-0.905005833601968,1
-0.503278526338665,-0.5710814812514908,-0.02678500737079781,-0.05570109998547634,-1.3537031080330302,3
0.07440234782688537,-3.852463354155314,1.9095975199630266,1.239316427474217,3.0568872108544247,2
-2.6992747356618922,0.7492568715209307,-0.814654326670659,-0.4743479605935832,-0.363039445401955,3
-2.279353195179568,-0.8481892770136521,-0.17613502345908594,-0.762292390818228,2.7689219653786905,2
-1.6134021365054776,2.7087110112411503,1.1831213894987476,-0.08017005334475691,1.7706796965507163,0
0.46778769988970925,4.605668632162393,1.5426836840051352,0.5149705848208053,3.2623577082357027,0
-2.313964402095327,-1.015570740731522,-0.11610257348813136,0.1834339496003492,2.539105032048421,2
2.86894753061749,0.3183569855803554,-2.2371430634799347,-2.054536573048752,0.7618425919524683,1
1.8692721508516843,2.9064170132904232,1.068610769098232,-0.8726850744154201,-0.3713929146857935,1
-1.5026572890559635,0.17206558329392374,-0.14109570816205008,-1.1183439559676998,1.133686851015879,3
-2.5538136481018068,2.148090436554619,-2.5056745736426933,-0.8165850760925787,-0.31814067459601825,3
0.8742832203575199,-1.9784359216102199,4.8279636514970505,1.7556347075409537,-1.2701324142442127,3
2.0837886770029095,-1.815555643858235,-0.8746725112265223,-0.9394875510493637,0.005672885708201458,0
-1.6830727501220828,0.6729395543479983,0.9195384918330656,1.3861816229040809,1.5448103365544572,2
-2.2060624442637646,1.659253543221765,-2.476426442274515,-2.4046303462105976,0.16165259607330595,3
-1.0663838295420878,2.6255774701401924,0.7340435982661841,-0.07171646184042535,3.5023445903542374,0
-0.4513920278932426,-0.0290201763602822,0.7186811546593221,1.4973384921806348,-0.49259899577879196,0
-2.6829512187690887,-1.0244779508594748,-1.378433495427653,-2.14644381517496,0.07165951255604841,2
1.6907326956342572,1.4536392856552278,1.6065833455097323,-1.9366657916717407,2.0339986461433774,1
0.5125656366745972,0.038179934305349716,1.3701758467407699,-0.5456520657242672,1.8468096403420962,2
0.01558961613255283,-1.081603726613723,-0.5965439961738257,-1.3645063744547379,2.5290527443190687,4
-1.2809533158652269,-0.016514132014892824,-2.4115158233786307,-0.003272883668550053,-1.8343477113283386,4
1.6563660628157666,2.177365076598827,2.377579519010468,-2.968933517444796,0.4298815412254373,1
-0.06034442188434874,-0.45856348583555473,0.7519951072349809,1.8638511831795959,0.3887357350816705,3
-0.5252220400694161,-4.425729545270715,-1.903403818916682,-3.8179456769043,3.8337366507294113,4
-1.358697750489398,-1.0770827059234016,-2.4540832214206163,-1.1047049090086642,-1.2660771027406112,4
-3.6940079787635964,2.2159550116260123,1.9670570476270846,4.56816177743338,-0.3274196102760647,1
-0.9079355921842399,-0.40612634171779105,0.8065446584306576,0.8708646650980516,0.42537183161383574,2
0.8140677952007647,-0.585907496291306,1.1249118471647832,0.3961661272854343,0.8951357558269432,0
0.1331165413728317,3.586145391619688,2.9815182074532305,-2.3751853597397115,1.5105318940943377,1
1.9319320363695915,-0.17169230360355858,-0.5346380739195744,-2.2918527426943553,-0.3180361813820851,0
-1.9380989004564642,-2.795127150837801,-2.0156966905968106,-2.3149786004160036,-0.04657534525692775,4
-1.2502870820470453,-2.335190784619312,-1.690803104677267,0.7742499384200954,0.9421977450302489,0
1.4713674934185854,1.7230843879244566,1.921738441489591,-2.708795827337381,2.6197478107759338,1
-2.7265549143525876,2.653258137046106,-3.1113300258385213,-0.8221385079145958,-1.3833961262216272,3
-0.3264652328234027,-0.6326435511816251,1.5853860020857053,2.674355115418155,-1.059560989135231,0
-0.8591689107093289,-1.16600925621088,-0.4970563304820762,-1.6033331686688448,2.060481656688835,4
-0.0026839025808595984,1.6887018540019998,-0.7001933392643771,0.5422317945924415,0.2709387825471796,1
-1.7286243332732256,-0.32291766234917063,0.6166559498848478,2.0931815814475603,0.43191866254681166,2
1.176980243252641,2.3274990415301975,2.641161044816,2.4444345704000914,1.845734997990744,0
-0.7429467216741144,0.5080814344916385,3.0156636476313814,4.7808254724127135,0.372508890923676,3
0.09415128630801928,-1.329104859396172,0.8133471317861736,0.41024388111894394,0.1443523837160976,1
-1.4021733127340286,-0.5429979246731453,-0.1384687803465816,2.3629935221446114,-1.0997334671460393,2
3.8245717546674105,-0.44187858531559954,-2.852355066932131,-0.6137301060102376,2.7302888389121227,1
-1.3208135148523075,1.4511814273959867,-1.985129013101795,-1.6007374769358165,1.1856600908952775,3
-1.5328278428712254,-0.3028346125543434,-1.0917834427422957,-1.3365156594047016,-1.4760296799403618,2
-2.7784622817862545,-0.008457875458270925,-2.1650457980157314,-0.4321650618797169,0.44984762933154887,2
-2.0328440791164377,1.6768380600852173,-0.005319982269707535,1.7602773153096023,0.7891032048990898,1
-1.565650015649815,-0.15512340475612496,1.8265172244681684,-0.3552146186342098,2.6390758773328082,2
-0.9511025148462816,-1.3115737237211926,2.6938275890485515,0.9300652012082655,-1.6454423434186234,3
-0.3251620957535455,-2.028017658058206,-1.056089413681255,-2.0869042603387142,0.9089756202397855,4
-0.8537522864127676,-3.2755389559796586,-1.4110268796805774,-3.214708730388908,4.132246940595298,4
-1.186163450424502,0.3391015407096447,-0.336695341235122,-1.970455245982869,1.084388554836569,3
-1.4438206647772935,1.543567415069572,-0.5009491249927135,0.5431906050550876,-1.8276561450430515,4
-1.5673733398952319,1.196672233079674,-1.9301007426909256,-1.50951773482143,1.1208427510003456,3
-2.3977114908062886,-1.118068270370957,-1.9770841405846542,-0.697729027825242,-1.1941052868915984,4
-1.040888781346038,1.6699738750528277,-2.23553089055697,-2.3689812192102693,2.1436997432831593,3
-2.3974841878764925,-1.5602119488555248,-1.4113231072258015,1.269678150223522,-1.9234863699101363,3
-0.60275450479945,0.6466468864898427,-0.8196046030408642,-0.952943624604241,1.382053826671451,3
-1.732873388542186,0.3984491377502124,3.411988831837252,1.807944283875957,-0.9130737072592883,3
-1.536844295586008,-0.4244258510296234,-3.067584181098254,1.7674175456052534,-1.5284024647894066,4
-0.31214935738004224,1.5562057232558364,-2.0774253874405018,-2.0970972115638933,1.6606649998947374,3
-0.295135076762886,0.8389358701574952,-0.15227210009805514,2.6061418526897464,0.03939942195816559,1
0.1004194594204475,-0.19885683217188221,1.1295162382877058,-1.143980360228146,-0.19917040665019647,2
-1.4508073089561948,2.438778749857573,0.5149412599004592,-0.1624927474166844,2.2572905953372278,0
0.8528223202409076,0.45321339352182877,-1.2647295350070935,1.8614430803012367,0.8131168122153347,1
-0.21131916360637104,-0.4231020447009599,1.083910276728241,0.11273974213593918,0.9832052677246444,2
-3.2542650212421407,-5.062593914649587,-2.5888710404624837,-3.2826305546582515,1.3148302195024533,4
-2.2236447963334145,0.44623993865838374,-0.740621482001237,2.30445666827481,1.007864023363885,0
0.9503049509682716,1.2058122283516317,-0.8034311568060003,0.47581008027753,0.4423261975404521,1
-1.3866225434083614,-3.207589218905265,-2.1406118499478053,-2.9492314566757223,1.583330944536752,4
-0.13407263668706504,-1.1944742992193764,0.681917986760435,1.4540625322959067,0.6674989558966657,2
-1.1621114271223236,-1.4427835663439308,-0.9603820024590115,-0.4105072435302669,-0.29767892712503097,4
-0.6471338821767707,-0.24117850440702393,0.6844351513809079,-0.07238431202627837,0.8021467327698225,2
2.9452212079792344,1.8008009080373895,-1.6403816401567464,1.0445727212668316,-0.08660486155774016,1
-0.8708737342327976,-2.2512033613571467,0.7553127738815152,0.19762517553066272,-2.605547305784104,3
0.7833245667939084,-0.41258902034217027,-1.4961475248353873,-2.195000425009617,1.6950345866710523,4
-0.5973306877694355,-1.1359567651075988,-0.6645900075165804,1.2037036674632628,1.6886987758417964,0
2.8445088533697156,-0.2870798457076573,-2.1781110820046763,0.054368558403384726,1.0732862147330287,1
-2.4174487377050076,-0.9123461246077208,-1.19429275349135,-0.5993994764878005,1.1772559075911506,4
0.857453840027828,1.0639736593414861,-2.7851759467301083,-2.2939291592936497,-2.830682074874293,4
-1.4239289467615643,0.1496555277229703,0.2925806353417014,0.09684339806173892,3.5987686418548956,2
-1.7984023297192575,-1.0598244936326229,-0.9646467336938178,-0.9321470948487884,1.6962570807699093,4
5.472881360186378,0.9822828737213097,-2.3536282564847886,-2.689580135046741,3.3384559969801835,1
0.817703960922072,2.1210501340901042,2.2266642155978964,-1.1093866365303706,-1.7964815131072225,1
0.08669440799936434,0.3249839764518674,0.5507634152305034,1.7438016854042733,-0.5140059852391872,0
-1.3373328232357473,-1.0825220729523635,0.5428069610050984,-1.6067417850518764,0.9551112606672637,2
-1.8829894537301046,-0.1502039886995663,0.053723279259836554,0.9666684786680076,-0.0255538487674416,0
-1.3178633297038829,0.6264409059736908,0.7709364031750463,0.8610037851874976,-1.5948435256357536,3
0.7581475913968492,0.000583510767172557,2.302840595030924,0.5466603809211197,1.0789621673480392,2
0.054324054448831705,-0.7615171700940762,3.6543975474477506,1.262314314514858,5.263307669026783,2
-1.5160798773452449,-0.9102356998070374,0.42977803610295806,-1.19953735437742,1.452159881741138,2
-0.14800466018947933,1.6267913429333074,-2.0467458390191924,-1.2408596508256584,1.6172763728135435,3
-1.3117303010954882,-0.8341454826378911,0.05806661556649928,-2.070989875021973,-0.11843065224634519,2
-0.9679840915716389,-0.5015895464957183,1.2940262439401893,1.0590177448765767,2.7601892019072833,2
-1.169381197427751,1.472391887644657,0.0007743704354001846,0.3814538621435398,0.9543036266317138,0
-0.9561370612520421,-0.9301621283528331,0.971130926269124,-0.7559918451658645,0.7084192705634894,2
2.4823635803582556,0.40023112888679724,0.5119113115631344,-2.0174194327911117,1.4430189032779717,0
-2.036199271830255,-1.3572936631567345,-0.27490966235001035,2.25578355988163,1.1955871174048303,0
-0.4279096724811815,1.1157995908878129,0.517412710128533,1.4183704692447276,0.6694799009113566,0
-0.7734517857274866,0.291333843876561,0.7233993368545463,1.4935844323024559,-1.397447417094201,0
-0.35377566113471637,-1.7489759026099594,0.5928822056564476,0.9403783948371154,0.4777649385712003,0
-3.379699720884184,-2.515716747740524,-2.548289733388181,3.419211344138423,0.47929133836507143,0
0.4750220381907033,-0.32819051412909006,0.6896436179629414,-1.3656794448820344,-0.939653764887999,2
0.7771382862086624,0.45403621739351463,-1.8553275941362237,-1.12510306970459,-0.29615576576872216,4
-0.7466146060131575,-0.02643241744128577,1.809899725008759,1.707963988634932,0.8445021834771833,0
-0.5013226960466997,-1.1831905421704294,1.6930630661440156,-1.7433233673864015,0.9253560434850712,2
-1.8487582314198086,1.0082695625285456,-2.162992245650063,-3.02551902903102,1.5278132921344911,3
-0.37050312502905103,1.8673334849986905,0.5663504347840895,1.0680278669765646,1.0512223681841535,0
-0.12915066296343936,1.583307211463993,-1.234696663519329,1.829235805737405,0.6148409162909445,1
-0.34863483854653965,-0.9855142531176193,1.1640610907979372,2.802420624997988,-2.9926966461211264,0
-1.915354774024891,-1.5349698006126813,0.46074695813492184,0.7635766130135849,-2.5031292183188465,3
-1.678523218306406,-0.824659474342822,0.25516334313645106,-0.14324116316993085,1.4547647875175942,2
-0.8061035980401844,-2.2156892894460345,1.1583978132698844,1.5843894798519806,1.8022760242147098,2
-1.2891673306196627,-1.5978844738693143,-0.7420573598627972,0.30349501476534324,2.874164929509417,4
0.032641896401897075,0.5711051525823669,-0.5879379259747815,2.264737219684454,-1.7255944773339156,2
-0.9884497858190286,0.8053134166036262,1.2783154794387006,1.5424295587540575,0.29302972741391053,0
-1.0387782089484179,0.4729614425799513,-1.1144177763871852,2.015786400265195,2.0361201091381087,1
-2.5243686628457818,-0.9736733214754172,-0.6732485551125664,0.3194185278651176,0.38304402941893945,4
1.9833029298470408,1.2263210418794004,-0.8447770115860219,0.9711670398844715,0.5507938251658655,1
-0.9178578809927136,-1.9248382906110444,2.4330491796327607,1.0131404680159715,-1.629657808422923,3
2.8215797394341844,0.6656196698414709,-1.7852988751708245,0.7144945309963062,0.3122836849364016,1
-1.9683994907003317,-0.43793624149928567,1.2791794096948972,-0.1793618673453803,1.5863605926886237,2
1.0547909237273958,0.5292407723397758,-1.2568981434872575,0.1571655934681312,1.3934249222461403,1
-0.3687969225012686,0.8660142448870886,-0.8501236664467313,-1.4312019920995538,1.9753885250612244,3
-3.293305739352801,-2.0152574189050476,-1.2297212295658877,-0.363036892765611,-0.36591856984160165,4
-1.9653167230417683,-2.3215614874309276,0.20863307312467794,-3.878497249381548,-1.7329947883915784,2
0.3863341040432666,-0.2960370558403016,2.3913510730674163,0.2947571494401029,2.0539631873339568,2
-1.4745390111556989,-1.671728142153425,-1.1616851807145463,1.7668283032698853,0.5681345784344263,0
0.00602848161172731,-0.8150087295528887,-1.3333844172296634,-1.8481045170155952,-1.9607397866391185,4
-2.557582271531651,1.2402197417873835,-1.1944909734456228,-0.4585854455385473,-0.6035169045967421,3
-2.5236900649496077,-2.0559674655754607,1.906754035029583,0.7933584206189969,2.855975971215722,2
-0.8782473765571576,-1.5325075667233121,1.1150950431916098,1.5933536291535038,1.8462954834377447,2
-2.8559933670192716,-2.963750844957966,1.9455798717254158,0.8376461216564283,2.9324742609508476,2
-2.5790672559752212,-0.22023518546992038,-1.0274189250821935,1.978683393411941,1.6565889100542783,0
-0.6394345057665012,-1.1834497411374745,2.071727885251791,2.5562285822815243,-0.34947759805265444,3
-0.737859961763006,-0.9095887499343738,1.463392279517492,-0.20863978828681928,1.5819121260354003,2
0.2189696323899455,-1.7106237196990937,0.6401655124801124,-1.3753703792358294,3.2941048441299072,1
2.6174254919634805,3.357984115046561,0.22322149383794587,-0.147289901029228,-1.8036094105293827,1
2.817481918613802,0.05471693496353047,-2.093517181762233,0.49136510725884697,0.0488864648861147,1
-4.318566194656752,-0.6187628603041222,-2.0387097756828982,2.1437724229429227,2.0302908274245466,0
0.3379707990608545,0.04651656363933343,1.1211708764256756,0.49417327923936305,1.2659976016694179,2
1.8880784957162895,-1.730142846737674,1.8623206103023495,-2.5249810904867664,4.12406175864851,3
-1.0292167265619807,-0.958032302580043,-0.9917803928050762,-0.9926960587099841,0.6200961148289532,4
1.5543309718841378,1.0398517124294944,-2.524118813474082,-0.059242106477065404,2.9196826194240915,1
-0.07846775714474008,-1.2898652466367873,-1.4090252590175156,0.6019630593578948,0.3639729747518038,0
-1.8807803630979043,-1.4229521430160423,-0.9666865234698846,0.06327494618815543,-0.6024298905693335,4
-1.5077129877794584,-1.3249617098221074,-0.4943380583488708,-0.9571201701628418,-1.3969614208569527,4
-1.296828905809539,0.1547928705737267,-2.1428239136244422,0.07852528073090514,-0.0007811873421109672,4
-0.6616689824997345,-1.5892006885497023,1.9880480538850667,-2.369928053005193,1.330896438070515,2
-2.1585140145005988,-3.062171650099485,1.9682979779334056,0.5950600476574186,2.855675497118786,2
1.5640318318422923,2.7344567587963393,1.5345908099228889,-3.084931680529395,3.9578644091579562,1
0.4060669429820243,0.5214501678620717,0.7969634803521886,2.3874381081457505,-0.9156463853834134,0
-1.7616101171816596,1.7505795231462695,-1.771343666410681,-0.3810095739725422,0.21799323180999408,3
0.4197770181002818,3.293244581967089,0.3382832923230795,0.2654166330530576,1.139624281780872,1
0.44820101716251926,1.9751587056527942,-0.27672482757363903,0.9026570002692177,1.04111252484452,1
-1.1487433700816814,2.5604758494394817,1.051310981487338,-0.017217566486744662,2.5338976617248727,0
0.9059305711456409,-0.4285822140071961,-1.283254233976855,-1.9559359929815439,-0.579531459882024,0
-1.2293347511179777,-2.1655931803365016,2.1556915502402596,-2.7926882419169283,1.7198621460637002,2
-0.5379732557620853,0.8851906552586771,1.8717674012584644,1.6117743896096934,0.601595675943665,0
-0.5674255152656674,0.33679941951281556,1.0985699648569083,1.0997279098928516,1.1857119195284795,0
1.2490422463745137,0.8767129963483489,-1.557825395573301,1.1606460184050156,1.8016395838929595,1
0.4496711265871647,2.3621731133521067,-0.27833005546475476,0.18426205281736152,1.3021061538642522,1
-1.497501689491825,2.3532344764045714,-3.8410973325774735,-2.2134946035912346,1.0976209466283087,3
-1.0234870383117027,1.095041243684764,0.10410167374503299,0.4188287568953317,0.6754703041106661,0
0.2637804047028425,1.8626615114681657,0.9553485871315821,1.507572222949951,0.4491605334454494,0
-1.6083691602965646,-0.7361663694743994,-0.7682906531085817,-0.681722780849279,0.35777575445782084,4
-0.4019547404643513,0.4540088632578059,0.9838590548794574,-0.7074858692802195,0.3453494905332757,2
-1.1937518977930255,-2.8811777469625155,-0.6169090907569678,-1.5964040178819108,2.517396737245989,4
-2.4920122242787928,1.8294972949137507,-2.267780900164924,1.3561534127783013,-0.06344648210248238,3
-1.077666612890218,-2.5949826923618993,-2.5754843626290826,-1.7908008525329278,1.195357569900569,4
0.4083698547170853,0.7773487644920394,-1.004809376057866,-1.546558590556205,-0.36953200428715705,4
-1.6594372652770744,-1.926738143240062,-2.5460310369809798,1.3001380606968391,-0.5140034100808728,0
-1.0031163283720987,-1.4568938218539713,1.5257213654841508,-1.5309286950193162,1.2421669823108807,2
-0.780861049941804,-1.295064755949249,3.8229523274792907,1.8439511903265848,-1.7104913873971106,3
-1.7409375136691585,1.0600746055173962,1.0414324054322615,0.7626591277043184,-0.47185571563188655,0
-0.6694162052569633,0.3793243000995581,0.9881693673756621,0.6737942557222214,0.8960210644309982,2
0.9872026231365378,-1.3824639832900902,1.4299703999080071,-0.23646448646148444,1.697686709708256,2
-0.6068440410508946,0.07648369647528963,-1.8024353841227487,-2.1501917189666195,2.062083851254261,1
-1.5035914083968671,-2.4484525202967955,0.21139415738918255,-4.8572447021297815,-3.138512291091634,2
-0.3423355225809297,-2.252509361550862,1.686521882896539,0.637588578828929,2.4870889970725787,2
1.8807368659302308,2.51376836164759,0.6855086407922002,-1.212748740495135,1.399058369681614,1
-0.43151417640557266,0.6552002192236663,-0.3455210549117398,0.18970628030097592,1.4163658107387034,3
